num__Pclass,num__Age,num__Fare,num__FamilySize,cat__Sex_female,cat__Sex_male,cat__Embarked_C,cat__Embarked_Q,cat__Embarked_S,Survived
0.8273772438659699,-0.5348911628688886,-0.5024451714361923,0.059159876663617626,0.0,1.0,0.0,0.0,1.0,0
-1.5661069258891576,0.6683917564561223,0.7868452935884461,0.059159876663617626,1.0,0.0,1.0,0.0,0.0,1
0.8273772438659699,-0.23407043303763592,-0.4888542575852486,-0.5609748304808925,1.0,0.0,0.0,0.0,1.0,1
-1.5661069258891576,0.4427762090826827,0.4207302360686478,0.059159876663617626,1.0,0.0,0.0,0.0,1.0,1
0.8273772438659699,0.4427762090826827,-0.4863374216869257,-0.5609748304808925,0.0,1.0,0.0,0.0,1.0,0
0.8273772438659699,-0.3092756154954491,-0.47811642890864375,-0.5609748304808925,0.0,1.0,0.0,1.0,0.0,0
-1.5661069258891576,1.8716746757811333,0.395813560675251,-0.5609748304808925,0.0,1.0,0.0,0.0,1.0,0
0.8273772438659699,-2.038994812025152,-0.22408312108167944,1.9195639980971482,0.0,1.0,0.0,0.0,1.0,0
0.8273772438659699,-0.15886525057982273,-0.4242561406845337,0.6792945838081278,1.0,0.0,0.0,0.0,1.0,1
-0.3693648410115938,-1.136532622531394,-0.04295550208861426,0.059159876663617626,1.0,0.0,1.0,0.0,0.0,1
0.8273772438659699,-1.8885844471095259,-0.312172377522981,0.6792945838081278,1.0,0.0,0.0,0.0,1.0,1
-1.5661069258891576,2.172495405612386,-0.11384570873513637,-0.5609748304808925,1.0,0.0,0.0,0.0,1.0,1
0.8273772438659699,-0.685301527784515,-0.4863374216869257,-0.5609748304808925,0.0,1.0,0.0,0.0,1.0,0
0.8273772438659699,0.7435969389139355,-0.01870931177853076,3.1598334123861687,0.0,1.0,0.0,0.0,1.0,0
0.8273772438659699,-1.136532622531394,-0.4902797934380587,-0.5609748304808925,1.0,0.0,0.0,0.0,1.0,0
-0.3693648410115938,1.9468798582389464,-0.3262666585535892,-0.5609748304808925,1.0,0.0,0.0,0.0,1.0,1
0.8273772438659699,-2.038994812025152,-0.06199888922968463,2.5396987052416584,0.0,1.0,0.0,1.0,0.0,0
-0.3693648410115938,0.06675029679361683,-0.3866707201133388,-0.5609748304808925,0.0,1.0,0.0,0.0,1.0,1
0.8273772438659699,0.14195547925143,-0.2859972841804228,0.059159876663617626,1.0,0.0,0.0,0.0,1.0,0
0.8273772438659699,-0.5724937540977952,-0.5029485386158568,-0.5609748304808925,1.0,0.0,1.0,0.0,0.0,1
-0.3693648410115938,0.4427762090826827,-0.12491978668775715,-0.5609748304808925,0.0,1.0,0.0,0.0,1.0,0
-0.3693648410115938,0.36757102662486957,-0.3866707201133388,-0.5609748304808925,0.0,1.0,0.0,0.0,1.0,1
0.8273772438659699,-1.061327440073581,-0.4867562231804066,-0.5609748304808925,1.0,0.0,0.0,1.0,0.0,1
-1.5661069258891576,-0.08366006812200955,0.06635974158478332,-0.5609748304808925,0.0,1.0,0.0,0.0,1.0,1
0.8273772438659699,-1.5877637172782733,-0.22408312108167944,1.9195639980971482,1.0,0.0,0.0,0.0,1.0,0
0.8273772438659699,0.6683917564561223,-0.016444159470040135,3.1598334123861687,1.0,0.0,0.0,0.0,1.0,1
0.8273772438659699,-0.3092756154954491,-0.5029485386158568,-0.5609748304808925,0.0,1.0,1.0,0.0,0.0,0
-1.5661069258891576,-0.7605067102423282,4.647001076532463,2.5396987052416584,0.0,1.0,0.0,0.0,1.0,0
0.8273772438659699,-0.5724937540977952,-0.48977642625839407,-0.5609748304808925,1.0,0.0,0.0,1.0,0.0,1
0.8273772438659699,-0.3092756154954491,-0.4894421904510968,-0.5609748304808925,0.0,1.0,0.0,0.0,1.0,0
-1.5661069258891576,0.8188021213717487,-0.09027201697708476,-0.5609748304808925,0.0,1.0,1.0,0.0,0.0,0
-1.5661069258891576,0.4427762090826827,2.301728820789,0.059159876663617626,1.0,0.0,1.0,0.0,0.0,1
0.8273772438659699,-0.5724937540977952,-0.49237782784290063,-0.5609748304808925,1.0,0.0,0.0,1.0,0.0,1
-0.3693648410115938,2.7741368652748912,-0.43700743807979686,-0.5609748304808925,0.0,1.0,0.0,0.0,1.0,0
-1.5661069258891576,-0.08366006812200955,1.0060617003323709,0.059159876663617626,0.0,1.0,1.0,0.0,0.0,0
-1.5661069258891576,0.969212486287375,0.39858208016340624,0.059159876663617626,0.0,1.0,0.0,0.0,1.0,0
0.8273772438659699,-0.3092756154954491,-0.5028639729296732,-0.5609748304808925,0.0,1.0,1.0,0.0,0.0,1
0.8273772438659699,-0.6100963453267019,-0.4863374216869257,-0.5609748304808925,0.0,1.0,0.0,0.0,1.0,0
0.8273772438659699,-0.8357118927001413,-0.2859972841804228,0.6792945838081278,1.0,0.0,0.0,0.0,1.0,0
0.8273772438659699,-1.136532622531394,-0.42207354059350805,0.059159876663617626,1.0,0.0,1.0,0.0,0.0,1
0.8273772438659699,0.8188021213717487,-0.4576454924460446,0.059159876663617626,1.0,0.0,0.0,0.0,1.0,0
-0.3693648410115938,-0.15886525057982273,-0.22559322262067316,0.059159876663617626,1.0,0.0,0.0,0.0,1.0,0
0.8273772438659699,-0.3092756154954491,-0.4894421904510968,-0.5609748304808925,0.0,1.0,1.0,0.0,0.0,0
-0.3693648410115938,-1.9637896295673392,0.18876253192945994,1.299429290952638,1.0,0.0,1.0,0.0,0.0,1
0.8273772438659699,-0.7605067102423282,-0.48977642625839407,-0.5609748304808925,1.0,0.0,0.0,1.0,0.0,1
0.8273772438659699,-0.3092756154954491,-0.4863374216869257,-0.5609748304808925,0.0,1.0,0.0,0.0,1.0,0
0.8273772438659699,-0.3092756154954491,-0.3363340021468808,0.059159876663617626,0.0,1.0,0.0,1.0,0.0,0
0.8273772438659699,-0.5724937540977952,-0.49237782784290063,-0.5609748304808925,1.0,0.0,0.0,1.0,0.0,1
0.8273772438659699,-0.3092756154954491,-0.21191774308354583,0.6792945838081278,0.0,1.0,1.0,0.0,0.0,0
0.8273772438659699,-0.8357118927001413,-0.29002422161773944,0.059159876663617626,1.0,0.0,0.0,0.0,1.0,0
0.8273772438659699,-1.6629688997360863,0.1506737441786005,2.5396987052416584,0.0,1.0,0.0,0.0,1.0,0
0.8273772438659699,-0.6100963453267019,-0.4913710934835715,-0.5609748304808925,0.0,1.0,0.0,0.0,1.0,0
-1.5661069258891576,1.4956487634920672,0.8964967865378598,0.059159876663617626,1.0,0.0,1.0,0.0,0.0,1
-0.3693648410115938,-0.008454885664196365,-0.12491978668775715,0.059159876663617626,1.0,0.0,0.0,0.0,1.0,1
-1.5661069258891576,2.6989316828170784,0.5995101505357573,0.059159876663617626,0.0,1.0,1.0,0.0,0.0,0
-1.5661069258891576,0.8188021213717487,0.06635974158478332,-0.5609748304808925,0.0,1.0,0.0,0.0,1.0,1
-0.3693648410115938,-0.6100963453267019,-0.43700743807979686,-0.5609748304808925,1.0,0.0,0.0,0.0,1.0,1
0.8273772438659699,-0.04605747689310296,-0.5028639729296732,-0.5609748304808925,0.0,1.0,1.0,0.0,0.0,0
-0.3693648410115938,-1.8133792646517128,-0.08968408411123653,1.299429290952638,1.0,0.0,0.0,0.0,1.0,1
0.8273772438659699,-1.3621481699048337,0.2958951755118318,3.779968119530679,0.0,1.0,0.0,0.0,1.0,0
0.8273772438659699,-0.5348911628688886,-0.5028639729296732,-0.5609748304808925,0.0,1.0,1.0,0.0,0.0,0
-1.5661069258891576,0.6683917564561223,0.962353321387736,-0.5609748304808925,1.0,0.0,0.0,0.0,1.0,1
-1.5661069258891576,1.1948280336608146,1.0323213593611125,0.059159876663617626,0.0,1.0,0.0,0.0,1.0,0
0.8273772438659699,-1.8885844471095259,-0.08666388103324908,2.5396987052416584,0.0,1.0,0.0,0.0,1.0,0
-1.5661069258891576,0.8188021213717487,-0.09027201697708476,-0.5609748304808925,0.0,1.0,1.0,0.0,0.0,0
0.8273772438659699,-0.3092756154954491,-0.3414522396297103,0.6792945838081278,0.0,1.0,1.0,0.0,0.0,1
-0.3693648410115938,-0.008454885664196365,-0.43700743807979686,-0.5609748304808925,1.0,0.0,0.0,0.0,1.0,1
0.8273772438659699,-0.7605067102423282,-0.4841568350646187,-0.5609748304808925,0.0,1.0,0.0,0.0,1.0,0
0.8273772438659699,-0.9109170751579546,-0.4888542575852486,3.1598334123861687,1.0,0.0,0.0,0.0,1.0,1
0.8273772438659699,-0.23407043303763592,-0.47400492578514347,0.6792945838081278,0.0,1.0,0.0,0.0,1.0,0
-0.3693648410115938,0.2171606617092432,-0.43700743807979686,-0.5609748304808925,0.0,1.0,0.0,0.0,1.0,0
0.8273772438659699,-0.9861222576157678,0.2958951755118318,3.779968119530679,1.0,0.0,0.0,0.0,1.0,0
-0.3693648410115938,-0.6100963453267019,0.8314778546749452,-0.5609748304808925,0.0,1.0,0.0,0.0,1.0,0
0.8273772438659699,-0.23407043303763592,-0.3573908580066095,0.059159876663617626,0.0,1.0,1.0,0.0,0.0,0
0.8273772438659699,0.2171606617092432,0.48910360681684706,-0.5609748304808925,0.0,1.0,0.0,0.0,1.0,1
0.8273772438659699,-0.3092756154954491,-0.494391296561559,-0.5609748304808925,0.0,1.0,0.0,0.0,1.0,0
0.8273772438659699,-0.3092756154954491,-0.4894421904510968,-0.5609748304808925,0.0,1.0,0.0,0.0,1.0,0
0.8273772438659699,-0.3092756154954491,-0.4863374216869257,-0.5609748304808925,0.0,1.0,0.0,0.0,1.0,0
-0.3693648410115938,-2.126984875500794,-0.06451572512800753,0.6792945838081278,0.0,1.0,0.0,0.0,1.0,1
0.8273772438659699,0.06675029679361683,-0.397241430886295,-0.5609748304808925,1.0,0.0,0.0,0.0,1.0,1
0.8273772438659699,-0.5348911628688886,-0.46720946885967163,-0.5609748304808925,0.0,1.0,0.0,0.0,1.0,0
0.8273772438659699,-0.008454885664196365,-0.45714212526638004,-0.5609748304808925,0.0,1.0,0.0,0.0,1.0,1
0.8273772438659699,-0.5724937540977952,-0.49162277707340374,-0.5609748304808925,1.0,0.0,0.0,1.0,0.0,1
-1.5661069258891576,-0.08366006812200955,0.29992211294914856,-0.5609748304808925,0.0,1.0,0.0,0.0,1.0,0
-0.3693648410115938,-0.9109170751579546,-0.43700743807979686,-0.5609748304808925,1.0,0.0,0.0,0.0,1.0,1
0.8273772438659699,0.29236584416705635,-0.32928686163157667,1.299429290952638,1.0,0.0,0.0,0.0,1.0,1
0.8273772438659699,-0.9861222576157678,0.04370821849987721,1.9195639980971482,0.0,1.0,0.0,0.0,1.0,0
0.8273772438659699,-0.3092756154954491,-0.4863374216869257,-0.5609748304808925,0.0,1.0,0.0,0.0,1.0,0
-1.5661069258891576,-0.45968598041107545,4.647001076532463,2.5396987052416584,1.0,0.0,0.0,0.0,1.0,1
0.8273772438659699,-0.3844807979532623,-0.4863374216869257,-0.5609748304808925,0.0,1.0,0.0,0.0,1.0,0
0.8273772438659699,-0.008454885664196365,-0.4863374216869257,-0.5609748304808925,0.0,1.0,0.0,0.0,1.0,0
0.8273772438659699,-0.685301527784515,-0.4902797934380587,-0.5609748304808925,0.0,1.0,0.0,0.0,1.0,0
-1.5661069258891576,1.2700332161186279,0.5833178351003071,0.059159876663617626,0.0,1.0,0.0,0.0,1.0,0
0.8273772438659699,-0.23407043303763592,-0.23415046467497105,1.299429290952638,0.0,1.0,0.0,0.0,1.0,0
0.8273772438659699,2.2477005880701992,-0.5024451714361923,-0.5609748304808925,0.0,1.0,0.0,0.0,1.0,0
0.8273772438659699,-0.3092756154954491,-0.4863374216869257,-0.5609748304808925,0.0,1.0,0.0,0.0,1.0,0
-1.5661069258891576,3.1501627775639576,0.0493298231623713,-0.5609748304808925,0.0,1.0,1.0,0.0,0.0,0
-1.5661069258891576,-0.45968598041107545,0.6272778976347743,0.059159876663617626,0.0,1.0,1.0,0.0,0.0,1
-0.3693648410115938,0.36757102662486957,-0.18532384824750675,0.059159876663617626,1.0,0.0,0.0,0.0,1.0,1
-0.3693648410115938,0.36757102662486957,-0.12491978668775715,0.059159876663617626,0.0,1.0,0.0,0.0,1.0,0
0.8273772438659699,-0.08366006812200955,-0.4894421904510968,-0.5609748304808925,1.0,0.0,0.0,0.0,1.0,0
0.8273772438659699,-0.3092756154954491,-0.4894421904510968,-0.5609748304808925,0.0,1.0,0.0,0.0,1.0,0
-1.5661069258891576,-0.6100963453267019,0.907737982394129,0.059159876663617626,0.0,1.0,0.0,0.0,1.0,0
0.8273772438659699,0.29236584416705635,-0.4741720436887921,-0.5609748304808925,0.0,1.0,0.0,0.0,1.0,0
0.8273772438659699,0.5931865739983091,-0.4888542575852486,0.6792945838081278,0.0,1.0,0.0,0.0,1.0,0
0.8273772438659699,-0.08366006812200955,-0.4894421904510968,-0.5609748304808925,0.0,1.0,0.0,0.0,1.0,0
0.8273772438659699,-0.6100963453267019,-0.494391296561559,-0.5609748304808925,1.0,0.0,0.0,0.0,1.0,1
0.8273772438659699,-0.3092756154954491,-0.4918744606632361,-0.5609748304808925,0.0,1.0,0.0,0.0,1.0,1
0.8273772438659699,0.6683917564561223,-0.4894421904510968,-0.5609748304808925,0.0,1.0,0.0,0.0,1.0,0
0.8273772438659699,-0.5724937540977952,-0.1621689579829361,0.059159876663617626,1.0,0.0,0.0,1.0,0.0,1
-1.5661069258891576,1.345238398576441,0.39858208016340624,-0.5609748304808925,0.0,1.0,0.0,0.0,1.0,0
0.8273772438659699,-1.0989300313024875,-0.3573908580066095,0.059159876663617626,1.0,0.0,1.0,0.0,0.0,0
0.8273772438659699,-0.5348911628688886,-0.4863374216869257,-0.5609748304808925,0.0,1.0,0.0,0.0,1.0,0
0.8273772438659699,-0.685301527784515,-0.4505983519307405,0.059159876663617626,1.0,0.0,0.0,0.0,1.0,0
0.8273772438659699,-0.9109170751579546,-0.3573083057891445,-0.5609748304808925,1.0,0.0,1.0,0.0,0.0,0
0.8273772438659699,-0.6100963453267019,-0.4888542575852486,-0.5609748304808925,0.0,1.0,0.0,0.0,1.0,0
0.8273772438659699,3.1125601863350507,-0.49237782784290063,-0.5609748304808925,0.0,1.0,0.0,1.0,0.0,0
-0.3693648410115938,-0.008454885664196365,-0.22559322262067316,0.059159876663617626,0.0,1.0,0.0,0.0,1.0,0
-1.5661069258891576,-0.3844807979532623,4.335332226633905,0.059159876663617626,0.0,1.0,1.0,0.0,0.0,0
0.8273772438659699,-2.038994812025152,-0.01870931177853076,3.1598334123861687,1.0,0.0,0.0,0.0,1.0,0
-0.3693648410115938,-0.6100963453267019,0.8314778546749452,0.6792945838081278,0.0,1.0,0.0,0.0,1.0,0
0.8273772438659699,-0.3092756154954491,-0.4863374216869257,-0.5609748304808925,0.0,1.0,0.0,0.0,1.0,0
-0.3693648410115938,0.2547632529381498,-0.04295550208861426,0.059159876663617626,0.0,1.0,1.0,0.0,0.0,0
-0.3693648410115938,0.2547632529381498,-0.3866707201133388,-0.5609748304808925,1.0,0.0,0.0,0.0,1.0,1
-1.5661069258891576,1.8716746757811333,0.907737982394129,0.059159876663617626,0.0,1.0,0.0,0.0,1.0,0
0.8273772438659699,-1.2869429874470204,-0.42207354059350805,0.059159876663617626,0.0,1.0,1.0,0.0,0.0,1
0.8273772438659699,-0.3092756154954491,-0.49237782784290063,-0.5609748304808925,0.0,1.0,0.0,1.0,0.0,0
0.8273772438659699,-0.3844807979532623,-0.5046257580584992,-0.5609748304808925,0.0,1.0,0.0,0.0,1.0,1
0.8273772438659699,-0.5724937540977952,-0.19824427701513722,0.6792945838081278,1.0,0.0,1.0,0.0,0.0,1
0.8273772438659699,1.1948280336608146,-0.5079822104125026,-0.5609748304808925,0.0,1.0,0.0,0.0,1.0,0
0.8273772438659699,0.29236584416705635,-0.4894421904510968,-0.5609748304808925,0.0,1.0,1.0,0.0,0.0,0
0.8273772438659699,-0.685301527784515,-0.5064721088735089,-0.5609748304808925,0.0,1.0,0.0,0.0,1.0,0
0.8273772438659699,1.345238398576441,-0.35646868933346404,0.059159876663617626,1.0,0.0,0.0,0.0,1.0,0
-0.3693648410115938,-0.008454885664196365,-0.12491978668775715,0.059159876663617626,1.0,0.0,0.0,0.0,1.0,1
-0.3693648410115938,-0.3092756154954491,-0.3866707201133388,-0.5609748304808925,0.0,1.0,0.0,0.0,1.0,0
-0.3693648410115938,-0.45968598041107545,-0.3454791770670269,-0.5609748304808925,0.0,1.0,1.0,0.0,0.0,0
-1.5661069258891576,-0.7605067102423282,-0.11921562980779811,0.6792945838081278,1.0,0.0,0.0,0.0,1.0,1
-1.5661069258891576,0.5931865739983091,0.4207302360686478,0.059159876663617626,0.0,1.0,0.0,0.0,1.0,0
0.8273772438659699,-0.9861222576157678,-0.4628462821463391,-0.5609748304808925,0.0,1.0,0.0,0.0,1.0,0
-1.5661069258891576,-0.3844807979532623,0.9462455716384695,-0.5609748304808925,0.0,1.0,1.0,0.0,0.0,0
0.8273772438659699,-0.5724937540977952,-0.3414522396297103,0.6792945838081278,1.0,0.0,1.0,0.0,0.0,0
0.8273772438659699,-0.5348911628688886,-0.49237782784290063,-0.5609748304808925,1.0,0.0,0.0,0.0,1.0,1
0.8273772438659699,-0.3844807979532623,-0.32928686163157667,0.059159876663617626,1.0,0.0,0.0,0.0,1.0,1
0.8273772438659699,-0.7605067102423282,-0.5125125150294839,-0.5609748304808925,0.0,1.0,0.0,1.0,0.0,0
-0.3693648410115938,-0.8357118927001413,-0.41687275089321363,-0.5609748304808925,0.0,1.0,0.0,0.0,1.0,0
-0.3693648410115938,-0.7605067102423282,0.09152810056801232,0.6792945838081278,0.0,1.0,0.0,0.0,1.0,0
0.8273772438659699,-0.15886525057982273,-0.49145565916975514,-0.5609748304808925,0.0,1.0,0.0,0.0,1.0,1
0.8273772438659699,-1.51255853482046,0.04370821849987721,1.9195639980971482,1.0,0.0,0.0,0.0,1.0,0
-0.3693648410115938,0.5555839827694025,-0.12491978668775715,0.6792945838081278,0.0,1.0,0.0,0.0,1.0,0
-0.3693648410115938,0.969212486287375,-0.3866707201133388,-0.5609748304808925,0.0,1.0,0.0,0.0,1.0,0
-0.3693648410115938,1.6460591284076938,-0.39623469652696586,-0.5609748304808925,0.0,1.0,0.0,0.0,1.0,0
-1.5661069258891576,-0.5348911628688886,0.6925485130875209,0.059159876663617626,1.0,0.0,0.0,0.0,1.0,1
0.8273772438659699,1.984482449467853,-0.4863374216869257,-0.5609748304808925,0.0,1.0,0.0,0.0,1.0,0
0.8273772438659699,0.8564047126006552,-0.35646868933346404,0.6792945838081278,0.0,1.0,0.0,0.0,1.0,0
0.8273772438659699,-0.3092756154954491,-0.5011867534870308,-0.5609748304808925,0.0,1.0,0.0,0.0,1.0,0
-1.5661069258891576,1.6460591284076938,0.5874293382238074,0.059159876663617626,0.0,1.0,1.0,0.0,0.0,0
0.8273772438659699,-0.9861222576157678,-0.49271407711891657,-0.5609748304808925,1.0,0.0,0.0,1.0,0.0,1
0.8273772438659699,0.06675029679361683,-0.4863374216869257,-0.5609748304808925,0.0,1.0,0.0,0.0,1.0,0
0.8273772438659699,-0.3092756154954491,-0.47400492578514347,-0.5609748304808925,0.0,1.0,0.0,0.0,1.0,0
0.8273772438659699,-0.3092756154954491,0.7519458402879414,5.64037224096421,0.0,1.0,0.0,0.0,1.0,0
0.8273772438659699,1.1196228512030013,-0.32425318983493084,0.059159876663617626,0.0,1.0,0.0,0.0,1.0,0
-0.3693648410115938,0.8188021213717487,-0.331300330350235,-0.5609748304808925,1.0,0.0,0.0,0.0,1.0,1
0.8273772438659699,-0.23407043303763592,-0.4918744606632361,-0.5609748304808925,0.0,1.0,0.0,0.0,1.0,0
0.8273772438659699,-0.9109170751579546,-0.47400492578514347,-0.5609748304808925,0.0,1.0,0.0,0.0,1.0,0
0.8273772438659699,-2.1141999944829655,0.1506737441786005,2.5396987052416584,0.0,1.0,0.0,0.0,1.0,0
0.8273772438659699,-1.51255853482046,-0.2351571990343002,0.6792945838081278,0.0,1.0,0.0,0.0,1.0,1
-1.5661069258891576,0.4427762090826827,0.4589861417231558,0.059159876663617626,1.0,0.0,0.0,0.0,1.0,1
0.8273772438659699,1.1948280336608146,-0.08666388103324908,2.5396987052416584,1.0,0.0,0.0,0.0,1.0,0
-1.5661069258891576,0.8188021213717487,-0.12642988822675086,-0.5609748304808925,0.0,1.0,0.0,0.0,1.0,0
0.8273772438659699,-0.08366006812200955,0.48910360681684706,-0.5609748304808925,0.0,1.0,0.0,0.0,1.0,0
-1.5661069258891576,2.3981109529858253,0.026090367211616904,-0.5609748304808925,0.0,1.0,0.0,0.0,1.0,0
0.8273772438659699,-1.8885844471095259,-0.06199888922968463,2.5396987052416584,0.0,1.0,0.0,1.0,0.0,0
0.8273772438659699,-2.1141999944829655,-0.4242561406845337,0.6792945838081278,1.0,0.0,0.0,0.0,1.0,1
0.8273772438659699,-0.6100963453267019,-0.4888542575852486,-0.5609748304808925,0.0,1.0,0.0,0.0,1.0,0
-1.5661069258891576,2.0220850406967594,-0.030371322596999754,-0.5609748304808925,0.0,1.0,1.0,0.0,0.0,0
0.8273772438659699,-0.8357118927001413,-0.4902797934380587,0.6792945838081278,0.0,1.0,0.0,0.0,1.0,0
0.8273772438659699,-0.3092756154954491,-0.13565761536436197,1.9195639980971482,0.0,1.0,0.0,0.0,1.0,0
-1.5661069258891576,1.5708539459498805,-0.07030444769415023,-0.5609748304808925,1.0,0.0,1.0,0.0,0.0,0
-0.3693648410115938,0.06675029679361683,-0.3866707201133388,-0.5609748304808925,0.0,1.0,0.0,0.0,1.0,0
0.8273772438659699,0.5179813915404959,-0.6484216535389205,-0.5609748304808925,0.0,1.0,0.0,0.0,1.0,0
0.8273772438659699,-0.5724937540977952,0.7519458402879414,5.64037224096421,1.0,0.0,0.0,0.0,1.0,0
-0.3693648410115938,0.06675029679361683,-0.34539461138084326,-0.5609748304808925,0.0,1.0,1.0,0.0,0.0,0
0.8273772438659699,-1.51255853482046,-0.016444159470040135,3.1598334123861687,0.0,1.0,0.0,0.0,1.0,0
-0.3693648410115938,-2.1141999944829655,0.13683114673782454,1.299429290952638,0.0,1.0,0.0,0.0,1.0,1
0.8273772438659699,-1.8885844471095259,-0.20495516825442542,0.6792945838081278,1.0,0.0,0.0,0.0,1.0,1
-1.5661069258891576,0.8188021213717487,0.3583127057902398,-0.5609748304808925,0.0,1.0,0.0,0.0,1.0,0
0.8273772438659699,-0.5724937540977952,-0.3363340021468808,0.059159876663617626,1.0,0.0,0.0,1.0,0.0,1
-1.5661069258891576,1.1948280336608146,-0.11384570873513637,-0.5609748304808925,0.0,1.0,0.0,0.0,1.0,1
0.8273772438659699,0.8188021213717487,-0.3363340021468808,0.6792945838081278,0.0,1.0,0.0,1.0,0.0,0
0.8273772438659699,0.5179813915404959,-0.4894421904510968,-0.5609748304808925,0.0,1.0,0.0,0.0,1.0,0
-0.3693648410115938,0.2171606617092432,-0.3866707201133388,-0.5609748304808925,1.0,0.0,0.0,0.0,1.0,1
-0.3693648410115938,-0.7605067102423282,-0.3866707201133388,-0.5609748304808925,0.0,1.0,0.0,0.0,1.0,0
0.8273772438659699,-0.7605067102423282,-0.4902797934380587,0.059159876663617626,1.0,0.0,0.0,0.0,1.0,1
-0.3693648410115938,-1.9637896295673392,-0.12491978668775715,0.6792945838081278,0.0,1.0,0.0,0.0,1.0,1
-1.5661069258891576,1.1196228512030013,-0.09027201697708476,-0.5609748304808925,1.0,0.0,1.0,0.0,0.0,1
-1.5661069258891576,2.172495405612386,2.301728820789,-0.5609748304808925,1.0,0.0,1.0,0.0,0.0,1
0.8273772438659699,-0.3092756154954491,-0.49237782784290063,-0.5609748304808925,0.0,1.0,0.0,1.0,0.0,0
0.8273772438659699,0.969212486287375,-0.47920571548543794,0.059159876663617626,0.0,1.0,0.0,0.0,1.0,0
0.8273772438659699,-0.5724937540977952,-0.49237782784290063,-0.5609748304808925,1.0,0.0,0.0,1.0,0.0,1
-0.3693648410115938,-0.3844807979532623,-0.3866707201133388,-0.5609748304808925,1.0,0.0,0.0,0.0,1.0,0
0.8273772438659699,-0.08366006812200955,-0.45714212526638004,-0.5609748304808925,0.0,1.0,0.0,0.0,1.0,0
0.8273772438659699,-0.3092756154954491,0.7519458402879414,5.64037224096421,0.0,1.0,0.0,0.0,1.0,0
0.8273772438659699,0.36757102662486957,-0.5176307525123133,-0.5609748304808925,0.0,1.0,0.0,0.0,1.0,0
0.8273772438659699,1.2324306248897212,-0.5029485386158568,-0.5609748304808925,0.0,1.0,1.0,0.0,0.0,0
0.8273772438659699,-0.8357118927001413,-0.4863374216869257,-0.5609748304808925,0.0,1.0,0.0,0.0,1.0,1
0.8273772438659699,-2.038994812025152,-0.43776248884929375,0.059159876663617626,1.0,0.0,0.0,0.0,1.0,0
0.8273772438659699,0.2171606617092432,-0.32928686163157667,0.059159876663617626,0.0,1.0,0.0,0.0,1.0,0
0.8273772438659699,-0.23407043303763592,-0.2701412180209885,-0.5609748304808925,0.0,1.0,1.0,0.0,0.0,1
0.8273772438659699,-0.9861222576157678,-0.49237782784290063,-0.5609748304808925,1.0,0.0,0.0,1.0,0.0,1
-1.5661069258891576,0.8188021213717487,-0.024246350754841113,-0.5609748304808925,0.0,1.0,1.0,0.0,0.0,1
0.8273772438659699,-0.3844807979532623,-0.5064721088735089,-0.5609748304808925,0.0,1.0,0.0,0.0,1.0,0
-0.3693648410115938,0.4427762090826827,-0.22559322262067316,-0.5609748304808925,1.0,0.0,0.0,0.0,1.0,1
0.8273772438659699,-0.5348911628688886,-0.5024451714361923,-0.5609748304808925,0.0,1.0,0.0,0.0,1.0,0
-0.3693648410115938,0.06675029679361683,-0.3866707201133388,-0.5609748304808925,0.0,1.0,0.0,0.0,1.0,0
0.8273772438659699,-0.3092756154954491,-0.49237782784290063,0.059159876663617626,0.0,1.0,0.0,1.0,0.0,0
-1.5661069258891576,0.14195547925143,1.6323350375212924,0.059159876663617626,1.0,0.0,1.0,0.0,0.0,1
0.8273772438659699,-0.15886525057982273,-0.4888542575852486,-0.5609748304808925,1.0,0.0,0.0,0.0,1.0,1
-0.3693648410115938,0.969212486287375,-0.10478509950117394,0.059159876663617626,0.0,1.0,0.0,0.0,1.0,0
-1.5661069258891576,0.2171606617092432,0.8876878608937296,-0.5609748304808925,1.0,0.0,1.0,0.0,0.0,1
-0.3693648410115938,0.06675029679361683,-0.43700743807979686,-0.5609748304808925,0.0,1.0,0.0,0.0,1.0,0
0.8273772438659699,-0.9861222576157678,-0.4863374216869257,-0.5609748304808925,0.0,1.0,0.0,0.0,1.0,1
-0.3693648410115938,-0.15886525057982273,-0.3866707201133388,-0.5609748304808925,0.0,1.0,0.0,0.0,1.0,0
0.8273772438659699,1.6460591284076938,-0.4863374216869257,-0.5609748304808925,0.0,1.0,0.0,0.0,1.0,0
0.8273772438659699,-0.3092756154954491,-0.4894421904510968,-0.5609748304808925,0.0,1.0,0.0,0.0,1.0,0
-1.5661069258891576,0.6683917564561223,1.163700193253568,0.059159876663617626,0.0,1.0,0.0,0.0,1.0,1
0.8273772438659699,-0.5348911628688886,-0.4601623283443675,-0.5609748304808925,0.0,1.0,0.0,0.0,1.0,0
-0.3693648410115938,-0.7605067102423282,-0.43700743807979686,-0.5609748304808925,0.0,1.0,0.0,0.0,1.0,1
0.8273772438659699,-0.6476989365556084,-0.5024451714361923,-0.5609748304808925,0.0,1.0,0.0,0.0,1.0,0
-0.3693648410115938,-0.8357118927001413,-0.3866707201133388,-0.5609748304808925,0.0,1.0,0.0,0.0,1.0,0
0.8273772438659699,-0.5724937540977952,-0.13565761536436197,1.9195639980971482,1.0,0.0,0.0,0.0,1.0,0
-1.5661069258891576,0.4427762090826827,1.0323213593611125,0.059159876663617626,1.0,0.0,0.0,0.0,1.0,1
0.8273772438659699,-0.008454885664196365,-0.4918744606632361,-0.5609748304808925,0.0,1.0,0.0,0.0,1.0,0
-0.3693648410115938,2.2477005880701992,-0.3766033765200472,-0.5609748304808925,0.0,1.0,0.0,0.0,1.0,0
0.8273772438659699,-1.8133792646517128,-0.016444159470040135,3.1598334123861687,1.0,0.0,0.0,0.0,1.0,1
-0.3693648410115938,-0.3844807979532623,-0.43700743807979686,-0.5609748304808925,0.0,1.0,0.0,0.0,1.0,0
0.8273772438659699,-0.5724937540977952,-0.49640476528021726,-0.5609748304808925,1.0,0.0,0.0,0.0,1.0,0
-0.3693648410115938,1.1196228512030013,-0.12491978668775715,0.059159876663617626,0.0,1.0,0.0,0.0,1.0,0
-0.3693648410115938,-1.5877637172782733,-0.11988611489111134,0.6792945838081278,1.0,0.0,0.0,0.0,1.0,1
-0.3693648410115938,-0.7605067102423282,-0.43700743807979686,-0.5609748304808925,0.0,1.0,0.0,0.0,1.0,0
-0.3693648410115938,0.29236584416705635,-0.4012683683236117,-0.5609748304808925,0.0,1.0,0.0,0.0,1.0,0
0.8273772438659699,-0.5724937540977952,-0.3573908580066095,0.059159876663617626,1.0,0.0,1.0,0.0,0.0,0
0.8273772438659699,-0.5724937540977952,-0.3363340021468808,0.059159876663617626,1.0,0.0,0.0,1.0,0.0,1
-0.3693648410115938,-0.008454885664196365,-0.43700743807979686,-0.5609748304808925,0.0,1.0,0.0,0.0,1.0,0
0.8273772438659699,-0.5348911628688886,-0.5049620073345151,-0.5609748304808925,0.0,1.0,0.0,0.0,1.0,0
0.8273772438659699,0.06675029679361683,-0.5029485386158568,-0.5609748304808925,0.0,1.0,1.0,0.0,0.0,0
-1.5661069258891576,1.1196228512030013,1.163700193253568,0.6792945838081278,0.0,1.0,0.0,1.0,0.0,0
0.8273772438659699,-0.3092756154954491,-0.4918744606632361,-0.5609748304808925,1.0,0.0,0.0,0.0,1.0,0
-0.3693648410115938,-0.3844807979532623,-0.35646868933346404,0.6792945838081278,1.0,0.0,0.0,0.0,1.0,1
-1.5661069258891576,0.5931865739983091,0.40974072380221066,0.6792945838081278,0.0,1.0,0.0,0.0,1.0,1
-0.3693648410115938,1.8716746757811333,-0.12491978668775715,0.059159876663617626,0.0,1.0,0.0,0.0,1.0,0
0.8273772438659699,-0.3092756154954491,-0.5024451714361923,-0.5609748304808925,0.0,1.0,0.0,0.0,1.0,0
0.8273772438659699,-0.008454885664196365,-0.43776248884929375,0.6792945838081278,1.0,0.0,0.0,0.0,1.0,0
-1.5661069258891576,2.4733161354436386,-0.11384570873513637,-0.5609748304808925,0.0,1.0,0.0,0.0,1.0,0
0.8273772438659699,0.06675029679361683,-0.32425318983493084,0.059159876663617626,0.0,1.0,0.0,0.0,1.0,0
0.8273772438659699,0.8940073038295618,-0.2414492887801075,0.6792945838081278,1.0,0.0,0.0,0.0,1.0,0
0.8273772438659699,-0.008454885664196365,-0.3414522396297103,0.6792945838081278,1.0,0.0,1.0,0.0,0.0,1
-1.5661069258891576,0.4427762090826827,0.9462455716384695,-0.5609748304808925,1.0,0.0,1.0,0.0,0.0,1
-1.5661069258891576,0.06675029679361683,1.093228788100527,-0.5609748304808925,1.0,0.0,0.0,0.0,1.0,1
-1.5661069258891576,0.4427762090826827,9.667166525013505,-0.5609748304808925,1.0,0.0,1.0,0.0,0.0,1
-0.3693648410115938,1.5708539459498805,-0.12491978668775715,0.059159876663617626,1.0,0.0,0.0,0.0,1.0,1
0.8273772438659699,-0.3092756154954491,-0.49237782784290063,-0.5609748304808925,0.0,1.0,0.0,1.0,0.0,0
0.8273772438659699,-1.9637896295673392,-0.016444159470040135,3.1598334123861687,0.0,1.0,0.0,0.0,1.0,1
-1.5661069258891576,1.7212643108655068,0.955306180872432,0.6792945838081278,0.0,1.0,0.0,0.0,1.0,0
-1.5661069258891576,0.8188021213717487,-0.6484216535389205,-0.5609748304808925,0.0,1.0,0.0,0.0,1.0,0
0.8273772438659699,-0.5724937540977952,-0.49237782784290063,-0.5609748304808925,1.0,0.0,0.0,1.0,0.0,0
-0.3693648410115938,0.5179813915404959,-0.43700743807979686,-0.5609748304808925,0.0,1.0,0.0,0.0,1.0,0
0.8273772438659699,-0.9861222576157678,0.1506737441786005,2.5396987052416584,0.0,1.0,0.0,0.0,1.0,0
0.8273772438659699,-0.3092756154954491,-0.4918744606632361,0.059159876663617626,0.0,1.0,0.0,0.0,1.0,1
-1.5661069258891576,2.172495405612386,2.441497778832105,0.059159876663617626,1.0,0.0,0.0,0.0,1.0,1
-1.5661069258891576,0.4427762090826827,2.0825124140450755,-0.5609748304808925,1.0,0.0,0.0,0.0,1.0,1
-1.5661069258891576,0.8188021213717487,-0.024246350754841113,-0.5609748304808925,0.0,1.0,0.0,0.0,1.0,0
0.8273772438659699,-0.3092756154954491,-0.6484216535389205,-0.5609748304808925,0.0,1.0,0.0,0.0,1.0,1
-0.3693648410115938,0.8940073038295618,-0.255795253400548,0.059159876663617626,1.0,0.0,0.0,0.0,1.0,1
-1.5661069258891576,0.5931865739983091,-0.05042144409739929,0.059159876663617626,0.0,1.0,1.0,0.0,0.0,0
0.8273772438659699,-0.5724937540977952,-0.49237782784290063,-0.5609748304808925,1.0,0.0,0.0,1.0,0.0,1
-1.5661069258891576,2.548521317901452,0.921244330558889,0.059159876663617626,1.0,0.0,0.0,0.0,1.0,1
0.8273772438659699,1.1948280336608146,-0.49237782784290063,-0.5609748304808925,1.0,0.0,0.0,0.0,1.0,0
-0.3693648410115938,0.06675029679361683,-0.6484216535389205,-0.5609748304808925,0.0,1.0,0.0,0.0,1.0,0
0.8273772438659699,-1.6629688997360863,-0.06199888922968463,2.5396987052416584,0.0,1.0,0.0,1.0,0.0,0
0.8273772438659699,0.4427762090826827,-0.24069423801061057,0.6792945838081278,1.0,0.0,0.0,0.0,1.0,1
0.8273772438659699,2.6989316828170784,-0.49237782784290063,-0.5609748304808925,0.0,1.0,0.0,1.0,0.0,0
0.8273772438659699,-0.08366006812200955,-0.4902797934380587,-0.5609748304808925,0.0,1.0,0.0,0.0,1.0,0
0.8273772438659699,-0.9861222576157678,-0.45714212526638004,-0.5609748304808925,0.0,1.0,0.0,0.0,1.0,0
0.8273772438659699,-0.7605067102423282,-0.4863374216869257,-0.5609748304808925,0.0,1.0,0.0,0.0,1.0,1
-1.5661069258891576,0.8188021213717487,-0.12491978668775715,-0.5609748304808925,0.0,1.0,0.0,0.0,1.0,0
0.8273772438659699,0.29236584416705635,-0.47400492578514347,-0.5609748304808925,0.0,1.0,1.0,0.0,0.0,0
0.8273772438659699,0.06675029679361683,-0.45714212526638004,-0.5609748304808925,0.0,1.0,0.0,0.0,1.0,1
0.8273772438659699,-0.5348911628688886,-0.4894421904510968,-0.5609748304808925,0.0,1.0,0.0,0.0,1.0,0
-0.3693648410115938,0.969212486287375,-0.3866707201133388,-0.5609748304808925,0.0,1.0,0.0,0.0,1.0,1
0.8273772438659699,-0.5348911628688886,-0.49237782784290063,-0.5609748304808925,1.0,0.0,0.0,1.0,0.0,1
-1.5661069258891576,-0.23407043303763592,0.9391984311231651,-0.5609748304808925,1.0,0.0,0.0,0.0,1.0,1
-1.5661069258891576,-0.7605067102423282,1.1854295476653287,0.059159876663617626,1.0,0.0,1.0,0.0,0.0,1
-0.3693648410115938,0.5179813915404959,-0.3891875560116617,-0.5609748304808925,0.0,1.0,1.0,0.0,0.0,0
0.8273772438659699,-0.3844807979532623,-0.4702296719376591,-0.5609748304808925,1.0,0.0,0.0,0.0,1.0,0
0.8273772438659699,-0.3844807979532623,-0.4894421904510968,-0.5609748304808925,0.0,1.0,0.0,0.0,1.0,0
-1.5661069258891576,0.8188021213717487,-0.09027201697708476,-0.5609748304808925,0.0,1.0,1.0,0.0,0.0,0
0.8273772438659699,-0.42208338918216887,-0.5028639729296732,-0.5609748304808925,0.0,1.0,1.0,0.0,0.0,0
-1.5661069258891576,-2.038994812025152,2.4029901895877646,1.299429290952638,1.0,0.0,0.0,0.0,1.0,0
-1.5661069258891576,0.8188021213717487,-0.034313694348132716,-0.5609748304808925,0.0,1.0,0.0,0.0,1.0,1
-1.5661069258891576,1.5708539459498805,4.335332226633905,0.059159876663617626,1.0,0.0,1.0,0.0,0.0,1
0.8273772438659699,-0.5724937540977952,-0.49237782784290063,-0.5609748304808925,1.0,0.0,0.0,1.0,0.0,1
0.8273772438659699,-0.3092756154954491,-0.18029017645086096,0.6792945838081278,0.0,1.0,0.0,1.0,0.0,1
0.8273772438659699,-0.7605067102423282,-0.6484216535389205,-0.5609748304808925,0.0,1.0,0.0,0.0,1.0,0
-0.3693648410115938,-0.08366006812200955,-0.3997582667846179,-0.5609748304808925,1.0,0.0,0.0,1.0,0.0,1
0.8273772438659699,-0.3092756154954491,-0.4863374216869257,-0.5609748304808925,0.0,1.0,0.0,0.0,1.0,0
-1.5661069258891576,-2.1202164090795903,2.4029901895877646,1.299429290952638,0.0,1.0,0.0,0.0,1.0,1
-1.5661069258891576,0.4427762090826827,1.5841789061771412,-0.5609748304808925,1.0,0.0,1.0,0.0,0.0,1
-1.5661069258891576,-0.9109170751579546,1.5442457810799908,0.059159876663617626,1.0,0.0,1.0,0.0,0.0,1
-0.3693648410115938,0.06675029679361683,-0.16518916106092355,0.059159876663617626,0.0,1.0,1.0,0.0,0.0,0
-1.5661069258891576,0.06675029679361683,0.49782998024351216,-0.5609748304808925,1.0,0.0,1.0,0.0,0.0,1
-1.5661069258891576,-0.3844807979532623,1.0259447039291216,-0.5609748304808925,1.0,0.0,1.0,0.0,0.0,1
-1.5661069258891576,-0.8357118927001413,4.634416897040849,1.9195639980971482,1.0,0.0,1.0,0.0,0.0,1
-0.3693648410115938,-0.23407043303763592,-0.12491978668775715,0.6792945838081278,1.0,0.0,0.0,0.0,1.0,0
0.8273772438659699,-0.08366006812200955,-0.4894421904510968,-0.5609748304808925,0.0,1.0,0.0,0.0,1.0,0
-0.3693648410115938,1.0444176687451883,-0.11988611489111134,0.6792945838081278,0.0,1.0,0.0,0.0,1.0,0
0.8273772438659699,-0.23407043303763592,-0.4902797934380587,-0.5609748304808925,1.0,0.0,0.0,0.0,1.0,1
-0.3693648410115938,-0.3844807979532623,-0.12491978668775715,0.059159876663617626,1.0,0.0,0.0,0.0,1.0,1
-0.3693648410115938,1.8716746757811333,-0.36653603292675563,-0.5609748304808925,0.0,1.0,0.0,0.0,1.0,0
-1.5661069258891576,0.14195547925143,2.671117778445337,0.6792945838081278,1.0,0.0,0.0,0.0,1.0,1
-1.5661069258891576,0.8188021213717487,2.059693773056521,0.6792945838081278,1.0,0.0,1.0,0.0,0.0,1
0.8273772438659699,-0.5348911628688886,-0.5024451714361923,-0.5609748304808925,0.0,1.0,0.0,0.0,1.0,0
0.8273772438659699,-0.15886525057982273,-0.4894421904510968,-0.5609748304808925,0.0,1.0,0.0,0.0,1.0,0
-0.3693648410115938,0.06675029679361683,-0.3997582667846179,-0.5609748304808925,1.0,0.0,0.0,1.0,0.0,1
-0.3693648410115938,-0.5348911628688886,-0.06451572512800753,0.6792945838081278,1.0,0.0,0.0,0.0,1.0,1
0.8273772438659699,-0.3092756154954491,0.7519458402879414,5.64037224096421,0.0,1.0,0.0,0.0,1.0,0
-1.5661069258891576,0.5179813915404959,2.0825124140450755,-0.5609748304808925,1.0,0.0,1.0,0.0,0.0,1
0.8273772438659699,2.3981109529858253,-0.5228315422126077,-0.5609748304808925,0.0,1.0,0.0,0.0,1.0,0
-0.3693648410115938,0.5179813915404959,-0.3866707201133388,-0.5609748304808925,1.0,0.0,0.0,0.0,1.0,1
0.8273772438659699,0.14195547925143,-0.2351571990343002,0.6792945838081278,1.0,0.0,0.0,0.0,1.0,1
-1.5661069258891576,-0.9861222576157678,0.5189714017894245,0.059159876663617626,1.0,0.0,1.0,0.0,0.0,1
0.8273772438659699,-0.5724937540977952,-0.18029017645086096,0.6792945838081278,1.0,0.0,0.0,1.0,0.0,1
-1.5661069258891576,1.2324306248897212,-0.07458306872129913,-0.5609748304808925,0.0,1.0,0.0,0.0,1.0,0
-1.5661069258891576,0.6683917564561223,2.441497778832105,0.059159876663617626,0.0,1.0,0.0,0.0,1.0,0
0.8273772438659699,-0.9861222576157678,-0.2859972841804228,0.6792945838081278,0.0,1.0,0.0,0.0,1.0,0
-1.5661069258891576,0.4427762090826827,2.042579288947925,0.059159876663617626,1.0,0.0,0.0,0.0,1.0,1
0.8273772438659699,-0.3092756154954491,-0.4894421904510968,-0.5609748304808925,0.0,1.0,0.0,0.0,1.0,0
-1.5661069258891576,-0.008454885664196365,0.6925485130875209,0.059159876663617626,0.0,1.0,0.0,0.0,1.0,0
-1.5661069258891576,0.8940073038295618,2.059693773056521,-0.5609748304808925,1.0,0.0,1.0,0.0,0.0,1
0.8273772438659699,1.1948280336608146,-0.4863374216869257,-0.5609748304808925,0.0,1.0,0.0,0.0,1.0,1
-1.5661069258891576,1.1948280336608146,0.06635974158478332,-0.5609748304808925,0.0,1.0,0.0,0.0,1.0,0
-0.3693648410115938,-2.038994812025152,-0.12491978668775715,0.6792945838081278,0.0,1.0,0.0,0.0,1.0,1
-1.5661069258891576,-0.3844807979532623,4.647001076532463,2.5396987052416584,1.0,0.0,0.0,0.0,1.0,1
-0.3693648410115938,-0.08366006812200955,-0.3866707201133388,-0.5609748304808925,0.0,1.0,0.0,0.0,1.0,0
-0.3693648410115938,-0.3092756154954491,-0.3866707201133388,-0.5609748304808925,0.0,1.0,0.0,0.0,1.0,0
-0.3693648410115938,0.5179813915404959,-0.3866707201133388,-0.5609748304808925,0.0,1.0,0.0,0.0,1.0,0
-0.3693648410115938,-0.3844807979532623,-0.3866707201133388,-0.5609748304808925,1.0,0.0,0.0,0.0,1.0,1
-0.3693648410115938,0.8188021213717487,-0.3866707201133388,-0.5609748304808925,1.0,0.0,0.0,0.0,1.0,1
0.8273772438659699,-0.5724937540977952,-0.32425318983493084,0.059159876663617626,1.0,0.0,0.0,0.0,1.0,1
0.8273772438659699,-1.9637896295673392,-0.32828012727224753,0.6792945838081278,0.0,1.0,0.0,0.0,1.0,1
0.8273772438659699,0.969212486287375,-0.47400492578514347,-0.5609748304808925,0.0,1.0,0.0,0.0,1.0,0
0.8273772438659699,-0.45968598041107545,-0.4626791642426904,-0.5609748304808925,0.0,1.0,0.0,0.0,1.0,0
-1.5661069258891576,0.8188021213717487,0.05629239799149171,-0.5609748304808925,0.0,1.0,0.0,0.0,1.0,0
0.8273772438659699,-1.061327440073581,-0.5028639729296732,0.6792945838081278,0.0,1.0,1.0,0.0,0.0,0
0.8273772438659699,-0.3092756154954491,-0.29002422161773944,0.059159876663617626,0.0,1.0,0.0,0.0,1.0,0
0.8273772438659699,-0.3092756154954491,-0.5029485386158568,-0.5609748304808925,0.0,1.0,1.0,0.0,0.0,0
0.8273772438659699,-0.08366006812200955,-0.45714212526638004,-0.5609748304808925,0.0,1.0,0.0,0.0,1.0,0
-1.5661069258891576,-0.5348911628688886,0.4589861417231558,0.059159876663617626,1.0,0.0,0.0,0.0,1.0,1
-0.3693648410115938,0.6683917564561223,-0.3866707201133388,-0.5609748304808925,1.0,0.0,0.0,0.0,1.0,0
0.8273772438659699,-0.5724937540977952,-0.48977642625839407,-0.5609748304808925,1.0,0.0,0.0,1.0,0.0,1
0.8273772438659699,-0.5724937540977952,-0.48977642625839407,-0.5609748304808925,1.0,0.0,0.0,1.0,0.0,1
0.8273772438659699,0.8188021213717487,-0.08666388103324908,2.5396987052416584,0.0,1.0,0.0,0.0,1.0,0
-0.3693648410115938,-0.008454885664196365,-0.09027201697708476,0.059159876663617626,0.0,1.0,1.0,0.0,0.0,0
0.8273772438659699,1.1948280336608146,-0.3573908580066095,0.059159876663617626,1.0,0.0,1.0,0.0,0.0,0
0.8273772438659699,0.4427762090826827,-0.5064721088735089,-0.5609748304808925,0.0,1.0,0.0,0.0,1.0,0
0.8273772438659699,-0.3092756154954491,-0.3363340021468808,0.059159876663617626,0.0,1.0,0.0,1.0,0.0,0
0.8273772438659699,0.06675029679361683,-0.5024451714361923,-0.5609748304808925,0.0,1.0,0.0,0.0,1.0,0
-1.5661069258891576,2.3229057705280125,0.8667135572514657,0.059159876663617626,1.0,0.0,1.0,0.0,0.0,1
0.8273772438659699,-0.5724937540977952,-0.5028639729296732,-0.5609748304808925,1.0,0.0,1.0,0.0,0.0,1
0.8273772438659699,-0.5724937540977952,-0.49237782784290063,-0.5609748304808925,1.0,0.0,0.0,1.0,0.0,1
-1.5661069258891576,-0.3844807979532623,0.7469121684912956,-0.5609748304808925,1.0,0.0,1.0,0.0,0.0,1
-1.5661069258891576,-0.3092756154954491,0.4678796330534696,0.059159876663617626,0.0,1.0,1.0,0.0,0.0,1
0.8273772438659699,-0.8357118927001413,-0.5176307525123133,0.059159876663617626,0.0,1.0,0.0,0.0,1.0,0
0.8273772438659699,-0.7605067102423282,-0.4863374216869257,-0.5609748304808925,0.0,1.0,0.0,0.0,1.0,0
-1.5661069258891576,-0.5348911628688886,2.0825124140450755,-0.5609748304808925,0.0,1.0,1.0,0.0,0.0,0
0.8273772438659699,-1.9637896295673392,-0.22408312108167944,1.9195639980971482,1.0,0.0,0.0,0.0,1.0,0
-1.5661069258891576,0.4427762090826827,1.0060617003323709,0.059159876663617626,1.0,0.0,1.0,0.0,0.0,1
0.8273772438659699,-0.5348911628688886,-0.5024451714361923,-0.5609748304808925,1.0,0.0,0.0,0.0,1.0,1
-1.5661069258891576,-0.15886525057982273,3.610064686423428,0.6792945838081278,0.0,1.0,1.0,0.0,0.0,0
0.8273772438659699,-0.685301527784515,-0.5676312212027554,-0.5609748304808925,0.0,1.0,1.0,0.0,0.0,0
0.8273772438659699,-0.7605067102423282,-0.4918744606632361,-0.5609748304808925,0.0,1.0,0.0,0.0,1.0,0
-1.5661069258891576,0.969212486287375,3.9327230485884233,-0.5609748304808925,1.0,0.0,1.0,0.0,0.0,1
0.8273772438659699,-2.1141999944829655,-0.33146744825388363,0.6792945838081278,1.0,0.0,1.0,0.0,0.0,1
0.8273772438659699,0.2171606617092432,-0.4888542575852486,-0.5609748304808925,0.0,1.0,0.0,0.0,1.0,0
-1.5661069258891576,0.4427762090826827,0.39858208016340624,0.059159876663617626,1.0,0.0,0.0,0.0,1.0,1
0.8273772438659699,-0.3092756154954491,-0.4894421904510968,-0.5609748304808925,0.0,1.0,0.0,0.0,1.0,0
-0.3693648410115938,-0.8357118927001413,0.8314778546749452,-0.5609748304808925,0.0,1.0,0.0,0.0,1.0,0
0.8273772438659699,-2.1141999944829655,0.2958951755118318,3.779968119530679,0.0,1.0,0.0,0.0,1.0,0
-0.3693648410115938,0.5179813915404959,-0.3866707201133388,-0.5609748304808925,1.0,0.0,0.0,0.0,1.0,1
0.8273772438659699,-0.3092756154954491,-0.49279662933638163,-0.5609748304808925,0.0,1.0,0.0,1.0,0.0,0
-0.3693648410115938,-0.9109170751579546,-0.40680540729992204,-0.5609748304808925,1.0,0.0,1.0,0.0,0.0,1
-1.5661069258891576,0.5179813915404959,1.7677408088510642,1.299429290952638,0.0,1.0,0.0,0.0,1.0,1
0.8273772438659699,-0.6100963453267019,-0.49145565916975514,-0.5609748304808925,0.0,1.0,0.0,0.0,1.0,1
0.8273772438659699,-0.08366006812200955,-0.4888542575852486,0.6792945838081278,0.0,1.0,0.0,0.0,1.0,0
-1.5661069258891576,-0.45968598041107545,1.6323350375212924,0.059159876663617626,1.0,0.0,1.0,0.0,0.0,1
0.8273772438659699,-0.3844807979532623,-0.312172377522981,0.6792945838081278,1.0,0.0,0.0,0.0,1.0,1
0.8273772438659699,-0.5348911628688886,-0.49145565916975514,-0.5609748304808925,0.0,1.0,0.0,0.0,1.0,0
0.8273772438659699,0.14195547925143,-0.4902797934380587,-0.5609748304808925,1.0,0.0,0.0,0.0,1.0,0
-0.3693648410115938,1.2700332161186279,-0.12491978668775715,-0.5609748304808925,0.0,1.0,0.0,0.0,1.0,0
-0.3693648410115938,-0.45968598041107545,-0.43700743807979686,-0.5609748304808925,0.0,1.0,0.0,0.0,1.0,0
-0.3693648410115938,-0.08366006812200955,-0.393717860628643,-0.5609748304808925,1.0,0.0,0.0,0.0,1.0,1
0.8273772438659699,0.7435969389139355,-0.4888542575852486,-0.5609748304808925,0.0,1.0,0.0,0.0,1.0,1
0.8273772438659699,-0.23407043303763592,-0.4863374216869257,-0.5609748304808925,0.0,1.0,0.0,0.0,1.0,0
0.8273772438659699,-0.6100963453267019,-0.4505983519307405,0.059159876663617626,1.0,0.0,0.0,0.0,1.0,0
0.8273772438659699,-0.08366006812200955,-0.32928686163157667,0.059159876663617626,0.0,1.0,0.0,0.0,1.0,0
0.8273772438659699,-0.685301527784515,-0.47400492578514347,-0.5609748304808925,1.0,0.0,0.0,0.0,1.0,0
-0.3693648410115938,0.36757102662486957,-0.22559322262067316,0.059159876663617626,0.0,1.0,0.0,0.0,1.0,0
0.8273772438659699,1.6460591284076938,-0.49237782784290063,-0.5609748304808925,0.0,1.0,0.0,0.0,1.0,0
-0.3693648410115938,-1.9637896295673392,-0.2708962687904854,0.6792945838081278,0.0,1.0,0.0,0.0,1.0,1
0.8273772438659699,-0.6100963453267019,-0.4918744606632361,-0.5609748304808925,0.0,1.0,0.0,0.0,1.0,0
0.8273772438659699,-0.5724937540977952,-0.13565761536436197,1.9195639980971482,1.0,0.0,0.0,0.0,1.0,0
0.8273772438659699,-0.3092756154954491,-0.4894421904510968,-0.5609748304808925,0.0,1.0,0.0,0.0,1.0,0
0.8273772438659699,-0.3092756154954491,-0.5103319284071769,-0.5609748304808925,0.0,1.0,0.0,1.0,0.0,0
-1.5661069258891576,0.29236584416705635,1.163700193253568,0.059159876663617626,1.0,0.0,0.0,1.0,0.0,1
-0.3693648410115938,0.06675029679361683,-0.6484216535389205,-0.5609748304808925,0.0,1.0,0.0,0.0,1.0,0
0.8273772438659699,1.1196228512030013,-0.4888542575852486,-0.5609748304808925,0.0,1.0,0.0,0.0,1.0,1
0.8273772438659699,-0.5724937540977952,-0.4863374216869257,-0.5609748304808925,1.0,0.0,0.0,0.0,1.0,0
-0.3693648410115938,0.36757102662486957,0.005955680025033696,0.6792945838081278,1.0,0.0,0.0,0.0,1.0,1
-0.3693648410115938,-0.8357118927001413,-0.3866707201133388,0.6792945838081278,1.0,0.0,0.0,0.0,1.0,1
-0.3693648410115938,0.06675029679361683,-0.3866707201133388,-0.5609748304808925,0.0,1.0,0.0,0.0,1.0,0
0.8273772438659699,-1.437353352362647,-0.1621689579829361,0.6792945838081278,1.0,0.0,0.0,0.0,1.0,0
0.8273772438659699,-0.3092756154954491,-0.4894421904510968,-0.5609748304808925,0.0,1.0,1.0,0.0,0.0,0
0.8273772438659699,-0.6100963453267019,-0.49271407711891657,-0.5609748304808925,0.0,1.0,0.0,1.0,0.0,0
0.8273772438659699,-0.008454885664196365,-0.4898609919445778,-0.5609748304808925,0.0,1.0,0.0,0.0,1.0,0
0.8273772438659699,-0.08366006812200955,-0.35848215805212236,0.6792945838081278,1.0,0.0,0.0,0.0,1.0,0
0.8273772438659699,-0.8357118927001413,-0.2414492887801075,0.6792945838081278,0.0,1.0,0.0,0.0,1.0,0
0.8273772438659699,-0.3092756154954491,-0.5024451714361923,-0.5609748304808925,0.0,1.0,0.0,0.0,1.0,0
-0.3693648410115938,-0.08366006812200955,-0.12491978668775715,0.059159876663617626,1.0,0.0,0.0,0.0,1.0,1
-0.3693648410115938,-0.7605067102423282,-0.12491978668775715,-0.5609748304808925,1.0,0.0,0.0,0.0,1.0,1
0.8273772438659699,-0.3092756154954491,-0.49237782784290063,-0.5609748304808925,0.0,1.0,0.0,1.0,0.0,0
0.8273772438659699,0.2171606617092432,-0.4863374216869257,-0.5609748304808925,0.0,1.0,0.0,0.0,1.0,1
-1.5661069258891576,-0.08366006812200955,-0.11384570873513637,-0.5609748304808925,0.0,1.0,0.0,0.0,1.0,1
0.8273772438659699,-0.5724937540977952,-0.32425318983493084,0.059159876663617626,1.0,0.0,0.0,0.0,1.0,1
-0.3693648410115938,0.969212486287375,-0.12491978668775715,0.059159876663617626,1.0,0.0,0.0,0.0,1.0,1
0.8273772438659699,-0.9109170751579546,-0.5049620073345151,-0.5609748304808925,0.0,1.0,0.0,0.0,1.0,0
-1.5661069258891576,1.5708539459498805,0.4771073601910807,0.059159876663617626,0.0,1.0,0.0,0.0,1.0,0
-1.5661069258891576,-1.136532622531394,1.7677408088510642,1.299429290952638,1.0,0.0,0.0,0.0,1.0,1
0.8273772438659699,-0.6100963453267019,0.04370821849987721,1.9195639980971482,1.0,0.0,0.0,0.0,1.0,0
-0.3693648410115938,-0.3844807979532623,-0.2708962687904854,2.5396987052416584,1.0,0.0,0.0,0.0,1.0,1
-1.5661069258891576,2.623726500359265,4.647001076532463,2.5396987052416584,0.0,1.0,0.0,0.0,1.0,0
-0.3693648410115938,0.14195547925143,-0.43700743807979686,-0.5609748304808925,0.0,1.0,0.0,0.0,1.0,0
-0.3693648410115938,1.1948280336608146,-0.11988611489111134,0.6792945838081278,1.0,0.0,0.0,0.0,1.0,1
0.8273772438659699,-0.685301527784515,-0.45714212526638004,-0.5609748304808925,0.0,1.0,0.0,0.0,1.0,0
0.8273772438659699,-0.3092756154954491,-0.4918744606632361,0.059159876663617626,0.0,1.0,0.0,0.0,1.0,0
-0.3693648410115938,-0.08366006812200955,-0.3866707201133388,-0.5609748304808925,1.0,0.0,0.0,0.0,1.0,1
0.8273772438659699,-0.3092756154954491,-0.48507900373776425,-0.5609748304808925,0.0,1.0,0.0,0.0,1.0,1
-1.5661069258891576,-1.8885844471095259,0.9997696105865636,0.6792945838081278,0.0,1.0,0.0,0.0,1.0,1
-0.3693648410115938,-1.2117378049892074,-0.255795253400548,0.059159876663617626,1.0,0.0,0.0,0.0,1.0,1
-1.5661069258891576,0.36757102662486957,-0.11384570873513637,-0.5609748304808925,0.0,1.0,0.0,0.0,1.0,1
0.8273772438659699,-1.8133792646517128,-0.26066180729354516,1.299429290952638,1.0,0.0,1.0,0.0,0.0,1
-1.5661069258891576,1.7212643108655068,-0.034313694348132716,-0.5609748304808925,0.0,1.0,0.0,0.0,1.0,1
-0.3693648410115938,0.5179813915404959,-0.08968408411123653,1.299429290952638,0.0,1.0,0.0,0.0,1.0,0
0.8273772438659699,-0.3092756154954491,-0.2463983948905696,0.059159876663617626,0.0,1.0,0.0,0.0,1.0,0
-1.5661069258891576,0.06675029679361683,-0.08968408411123653,-0.5609748304808925,0.0,1.0,1.0,0.0,0.0,0
-1.5661069258891576,1.4956487634920672,1.145663540471827,0.059159876663617626,0.0,1.0,1.0,0.0,0.0,1
0.8273772438659699,-0.3092756154954491,-0.4863374216869257,-0.5609748304808925,0.0,1.0,0.0,0.0,1.0,0
0.8273772438659699,-0.008454885664196365,-0.4894421904510968,-0.5609748304808925,0.0,1.0,1.0,0.0,0.0,1
-1.5661069258891576,2.6989316828170784,-0.11384570873513637,-0.5609748304808925,0.0,1.0,0.0,0.0,1.0,0
-1.5661069258891576,0.4427762090826827,0.395813560675251,0.059159876663617626,1.0,0.0,0.0,0.0,1.0,1
-0.3693648410115938,1.5708539459498805,-0.43700743807979686,-0.5609748304808925,1.0,0.0,0.0,0.0,1.0,1
0.8273772438659699,-0.3092756154954491,-0.49237782784290063,-0.5609748304808925,0.0,1.0,0.0,1.0,0.0,0
-1.5661069258891576,1.4204435810342542,-0.11384570873513637,-0.5609748304808925,0.0,1.0,0.0,0.0,1.0,1
0.8273772438659699,0.36757102662486957,-0.4863374216869257,-0.5609748304808925,0.0,1.0,0.0,0.0,1.0,0
-1.5661069258891576,1.345238398576441,0.12676380314453292,-0.5609748304808925,0.0,1.0,0.0,0.0,1.0,0
-0.3693648410115938,1.4204435810342542,-0.3866707201133388,-0.5609748304808925,0.0,1.0,0.0,0.0,1.0,0
0.8273772438659699,-0.3092756154954491,-0.4863374216869257,-0.5609748304808925,0.0,1.0,0.0,0.0,1.0,0
0.8273772438659699,0.6683917564561223,-0.5064721088735089,-0.5609748304808925,0.0,1.0,0.0,0.0,1.0,0
-0.3693648410115938,0.06675029679361683,-0.6484216535389205,-0.5609748304808925,0.0,1.0,0.0,0.0,1.0,0
-1.5661069258891576,2.0220850406967594,-0.11384570873513637,-0.5609748304808925,0.0,1.0,0.0,0.0,1.0,0
0.8273772438659699,-0.3092756154954491,-0.4928811950225652,-0.5609748304808925,0.0,1.0,0.0,1.0,0.0,0
0.8273772438659699,-2.1330012900974187,-0.26066180729354516,1.299429290952638,1.0,0.0,1.0,0.0,0.0,1
0.8273772438659699,-0.3092756154954491,-0.5024451714361923,-0.5609748304808925,0.0,1.0,0.0,0.0,1.0,0
0.8273772438659699,0.6683917564561223,-0.47400492578514347,-0.5609748304808925,0.0,1.0,0.0,0.0,1.0,0
-0.3693648410115938,0.29236584416705635,-0.08968408411123653,1.299429290952638,1.0,0.0,0.0,0.0,1.0,1
-0.3693648410115938,-0.45968598041107545,-0.3707300882677209,-0.5609748304808925,1.0,0.0,1.0,0.0,0.0,1
0.8273772438659699,-0.5348911628688886,-0.45034666834090825,-0.5609748304808925,1.0,0.0,0.0,0.0,1.0,0
-1.5661069258891576,0.8188021213717487,0.39858208016340624,-0.5609748304808925,0.0,1.0,0.0,0.0,1.0,0
-0.3693648410115938,0.36757102662486957,-0.22559322262067316,0.059159876663617626,0.0,1.0,0.0,0.0,1.0,0
0.8273772438659699,-0.008454885664196365,-0.5065566745596926,0.059159876663617626,0.0,1.0,0.0,0.0,1.0,0
0.8273772438659699,-0.5348911628688886,-0.4969926981460655,-0.5609748304808925,0.0,1.0,0.0,0.0,1.0,0
0.8273772438659699,-2.038994812025152,-0.4010166847337793,0.059159876663617626,1.0,0.0,0.0,0.0,1.0,1
0.8273772438659699,-1.51255853482046,0.2958951755118318,3.779968119530679,0.0,1.0,0.0,0.0,1.0,0
-0.3693648410115938,0.06675029679361683,-0.6484216535389205,-0.5609748304808925,0.0,1.0,0.0,0.0,1.0,0
0.8273772438659699,1.5708539459498805,-0.4863374216869257,-0.5609748304808925,0.0,1.0,0.0,0.0,1.0,0
0.8273772438659699,2.548521317901452,-0.455380340137554,-0.5609748304808925,1.0,0.0,0.0,0.0,1.0,1
-1.5661069258891576,-0.3092756154954491,1.1854295476653287,0.059159876663617626,0.0,1.0,1.0,0.0,0.0,1
0.8273772438659699,-0.5724937540977952,-0.13565761536436197,1.9195639980971482,1.0,0.0,0.0,0.0,1.0,0
-1.5661069258891576,0.4427762090826827,1.163700193253568,0.059159876663617626,1.0,0.0,0.0,0.0,1.0,1
-1.5661069258891576,2.172495405612386,-0.05042144409739929,-0.5609748304808925,0.0,1.0,1.0,0.0,0.0,0
0.8273772438659699,0.06675029679361683,-0.4863374216869257,-0.5609748304808925,0.0,1.0,0.0,0.0,1.0,0
0.8273772438659699,-1.51255853482046,-0.32828012727224753,0.6792945838081278,0.0,1.0,0.0,0.0,1.0,1
0.8273772438659699,-0.3092756154954491,-0.2463983948905696,0.059159876663617626,0.0,1.0,0.0,0.0,1.0,0
0.8273772438659699,-0.6100963453267019,-0.5024451714361923,-0.5609748304808925,0.0,1.0,0.0,0.0,1.0,0
-1.5661069258891576,1.9468798582389464,-0.034313694348132716,-0.5609748304808925,0.0,1.0,0.0,0.0,1.0,0
-1.5661069258891576,3.1501627775639576,0.3483299278831318,-0.5609748304808925,0.0,1.0,1.0,0.0,0.0,0
0.8273772438659699,-0.6100963453267019,-0.4863374216869257,-0.5609748304808925,0.0,1.0,0.0,0.0,1.0,0
0.8273772438659699,-0.3092756154954491,-0.3573083057891445,-0.5609748304808925,0.0,1.0,1.0,0.0,0.0,0
-1.5661069258891576,1.8716746757811333,0.9274538680872313,0.059159876663617626,1.0,0.0,1.0,0.0,0.0,1
0.8273772438659699,-0.3092756154954491,-0.3443878770215141,-0.5609748304808925,0.0,1.0,0.0,0.0,1.0,0
-1.5661069258891576,-0.3092756154954491,2.4029901895877646,1.299429290952638,1.0,0.0,0.0,0.0,1.0,0
0.8273772438659699,-0.3844807979532623,-0.49145565916975514,-0.5609748304808925,0.0,1.0,0.0,0.0,1.0,0
0.8273772438659699,-0.9109170751579546,-0.47400492578514347,-0.5609748304808925,0.0,1.0,0.0,0.0,1.0,0
0.8273772438659699,-0.6100963453267019,-0.49237782784290063,-0.5609748304808925,1.0,0.0,0.0,1.0,0.0,0
0.8273772438659699,-0.5724937540977952,-0.4948100980550399,-0.5609748304808925,1.0,0.0,0.0,1.0,0.0,0
0.8273772438659699,0.5931865739983091,-0.455380340137554,-0.5609748304808925,1.0,0.0,0.0,0.0,1.0,0
-1.5661069258891576,-0.9861222576157678,1.093228788100527,-0.5609748304808925,1.0,0.0,0.0,0.0,1.0,1
-1.5661069258891576,-0.8357118927001413,1.5442457810799908,0.059159876663617626,0.0,1.0,1.0,0.0,0.0,0
-0.3693648410115938,0.29236584416705635,-0.12491978668775715,0.6792945838081278,1.0,0.0,0.0,0.0,1.0,1
-1.5661069258891576,0.8188021213717487,-0.11384570873513637,-0.5609748304808925,0.0,1.0,0.0,0.0,1.0,1
0.8273772438659699,-0.08366006812200955,-0.1948878246611338,-0.5609748304808925,0.0,1.0,0.0,0.0,1.0,0
0.8273772438659699,-0.23407043303763592,0.48910360681684706,-0.5609748304808925,0.0,1.0,0.0,0.0,1.0,1
0.8273772438659699,-0.008454885664196365,-0.49237782784290063,-0.5609748304808925,0.0,1.0,0.0,1.0,0.0,1
0.8273772438659699,-0.3092756154954491,-0.4863374216869257,-0.5609748304808925,0.0,1.0,0.0,0.0,1.0,0
-1.5661069258891576,0.5179813915404959,-0.11913106412161445,-0.5609748304808925,0.0,1.0,0.0,0.0,1.0,1
-1.5661069258891576,1.8716746757811333,0.5475787653441219,0.059159876663617626,1.0,0.0,1.0,0.0,0.0,1
0.8273772438659699,-0.3844807979532623,-0.4974960653257301,-0.5609748304808925,0.0,1.0,0.0,0.0,1.0,0
-1.5661069258891576,1.345238398576441,0.036576512298389464,-0.5609748304808925,0.0,1.0,0.0,0.0,1.0,0
-0.3693648410115938,0.36757102662486957,-0.43700743807979686,-0.5609748304808925,1.0,0.0,0.0,0.0,1.0,1
0.8273772438659699,-0.3092756154954491,-0.1621689579829361,-0.5609748304808925,0.0,1.0,0.0,1.0,0.0,0
-0.3693648410115938,0.5179813915404959,-0.12491978668775715,0.059159876663617626,1.0,0.0,0.0,0.0,1.0,1
0.8273772438659699,0.2171606617092432,-0.4894421904510968,-0.5609748304808925,0.0,1.0,0.0,0.0,1.0,0
-1.5661069258891576,0.06675029679361683,1.2341715984066093,-0.5609748304808925,1.0,0.0,0.0,0.0,1.0,1
0.8273772438659699,-0.5348911628688886,-0.4894421904510968,-0.5609748304808925,0.0,1.0,0.0,0.0,1.0,0
0.8273772438659699,-0.3092756154954491,-0.5029485386158568,-0.5609748304808925,0.0,1.0,1.0,0.0,0.0,0
-1.5661069258891576,1.1196228512030013,0.5189714017894245,0.059159876663617626,1.0,0.0,1.0,0.0,0.0,1
0.8273772438659699,-0.3092756154954491,-0.5028639729296732,-0.5609748304808925,0.0,1.0,1.0,0.0,0.0,0
0.8273772438659699,0.8564047126006552,-0.49237782784290063,-0.5609748304808925,0.0,1.0,0.0,1.0,0.0,0
-0.3693648410115938,1.5708539459498805,-0.43700743807979686,-0.5609748304808925,1.0,0.0,0.0,0.0,1.0,1
-1.5661069258891576,0.8188021213717487,3.817033162951754,-0.5609748304808925,0.0,1.0,0.0,0.0,1.0,0
0.8273772438659699,0.7435969389139355,-0.4888542575852486,-0.5609748304808925,0.0,1.0,0.0,0.0,1.0,0
-0.3693648410115938,-0.45968598041107545,-0.41687275089321363,1.299429290952638,0.0,1.0,0.0,0.0,1.0,0
-0.3693648410115938,-2.038994812025152,-0.12491978668775715,0.6792945838081278,1.0,0.0,0.0,0.0,1.0,1
0.8273772438659699,-0.3092756154954491,-0.5028639729296732,-0.5609748304808925,0.0,1.0,1.0,0.0,0.0,0
0.8273772438659699,-0.9109170751579546,-0.5028639729296732,0.6792945838081278,0.0,1.0,1.0,0.0,0.0,0
0.8273772438659699,-0.5724937540977952,-0.19824427701513722,0.6792945838081278,1.0,0.0,1.0,0.0,0.0,1
0.8273772438659699,0.06675029679361683,-0.47400492578514347,-0.5609748304808925,1.0,0.0,0.0,0.0,1.0,0
-0.3693648410115938,-1.6629688997360863,-0.11988611489111134,0.6792945838081278,1.0,0.0,0.0,0.0,1.0,1
-1.5661069258891576,1.1948280336608146,-0.11384570873513637,-0.5609748304808925,0.0,1.0,0.0,0.0,1.0,0
-1.5661069258891576,0.06675029679361683,1.4944124302931971,-0.5609748304808925,1.0,0.0,1.0,0.0,0.0,1
0.8273772438659699,-0.3092756154954491,-0.35646868933346404,-0.5609748304808925,0.0,1.0,0.0,0.0,1.0,0
-1.5661069258891576,-0.5348911628688886,0.3482453621969482,0.6792945838081278,1.0,0.0,1.0,0.0,0.0,1
-1.5661069258891576,0.5179813915404959,0.7811411367084872,0.6792945838081278,1.0,0.0,0.0,0.0,1.0,1
0.8273772438659699,-1.51255853482046,-0.01870931177853076,3.1598334123861687,1.0,0.0,0.0,0.0,1.0,0
0.8273772438659699,-1.3621481699048337,-0.01870931177853076,3.1598334123861687,1.0,0.0,0.0,0.0,1.0,0
-0.3693648410115938,0.2171606617092432,-0.12491978668775715,0.059159876663617626,0.0,1.0,0.0,0.0,1.0,1
-1.5661069258891576,1.5708539459498805,1.4944124302931971,0.059159876663617626,0.0,1.0,1.0,0.0,0.0,0
-1.5661069258891576,2.623726500359265,-0.12491978668775715,-0.5609748304808925,0.0,1.0,0.0,0.0,1.0,0
-0.3693648410115938,-0.7605067102423282,-0.12491978668775715,0.059159876663617626,1.0,0.0,0.0,0.0,1.0,1
-0.3693648410115938,0.06675029679361683,-0.3693045524149108,-0.5609748304808925,0.0,1.0,1.0,0.0,0.0,1
0.8273772438659699,0.29236584416705635,-0.2351571990343002,0.6792945838081278,0.0,1.0,0.0,0.0,1.0,0
-0.3693648410115938,-1.5877637172782733,0.09152810056801232,0.6792945838081278,0.0,1.0,0.0,0.0,1.0,1
-1.5661069258891576,-0.9109170751579546,1.5841789061771412,0.6792945838081278,0.0,1.0,1.0,0.0,0.0,1
-0.3693648410115938,-0.15886525057982273,-0.12491978668775715,-0.5609748304808925,0.0,1.0,0.0,0.0,1.0,0
0.8273772438659699,-0.3092756154954491,-0.49078316061772326,-0.5609748304808925,0.0,1.0,0.0,1.0,0.0,0
0.8273772438659699,-0.5348911628688886,-0.5029485386158568,-0.5609748304808925,0.0,1.0,1.0,0.0,0.0,1
0.8273772438659699,-0.5348911628688886,-0.4918744606632361,-0.5609748304808925,1.0,0.0,0.0,0.0,1.0,1
-1.5661069258891576,2.4733161354436386,-0.11384570873513637,-0.5609748304808925,0.0,1.0,0.0,0.0,1.0,0
-1.5661069258891576,1.4204435810342542,0.1489119590497745,0.059159876663617626,1.0,0.0,1.0,0.0,0.0,1
-1.5661069258891576,0.8188021213717487,3.9327230485884233,-0.5609748304808925,0.0,1.0,1.0,0.0,0.0,0
-1.5661069258891576,0.7435969389139355,0.955306180872432,0.6792945838081278,1.0,0.0,0.0,0.0,1.0,1
0.8273772438659699,0.5179813915404959,-0.29807809649237277,0.059159876663617626,1.0,0.0,0.0,0.0,1.0,1
0.8273772438659699,-0.3092756154954491,-0.49237782784290063,-0.5609748304808925,0.0,1.0,0.0,1.0,0.0,0
0.8273772438659699,0.8188021213717487,-0.4894421904510968,-0.5609748304808925,0.0,1.0,0.0,0.0,1.0,0
-0.3693648410115938,-0.08366006812200955,-0.3766033765200472,-0.5609748304808925,0.0,1.0,0.0,0.0,1.0,0
0.8273772438659699,-0.3092756154954491,-0.4863374216869257,-0.5609748304808925,0.0,1.0,0.0,0.0,1.0,0
0.8273772438659699,-0.5724937540977952,-0.4863374216869257,-0.5609748304808925,1.0,0.0,0.0,0.0,1.0,0
0.8273772438659699,-0.3844807979532623,-0.1621689579829361,0.6792945838081278,0.0,1.0,0.0,0.0,1.0,0
0.8273772438659699,-0.7605067102423282,-0.4894421904510968,-0.5609748304808925,0.0,1.0,0.0,0.0,1.0,0
0.8273772438659699,-0.008454885664196365,-0.22408312108167944,1.9195639980971482,1.0,0.0,0.0,0.0,1.0,0
0.8273772438659699,-0.3092756154954491,-0.5028639729296732,-0.5609748304808925,0.0,1.0,1.0,0.0,0.0,0
0.8273772438659699,0.2171606617092432,-0.4902797934380587,-0.5609748304808925,0.0,1.0,0.0,0.0,1.0,1
-0.3693648410115938,2.4733161354436386,-0.43700743807979686,-0.5609748304808925,0.0,1.0,0.0,0.0,1.0,1
-1.5661069258891576,1.79646949332332,0.38809593507663365,0.6792945838081278,1.0,0.0,0.0,0.0,1.0,1
-1.5661069258891576,0.5179813915404959,-0.11711759540295616,-0.5609748304808925,0.0,1.0,0.0,0.0,1.0,1
0.8273772438659699,-0.5724937540977952,-0.49237782784290063,-0.5609748304808925,1.0,0.0,0.0,1.0,0.0,1
0.8273772438659699,-0.9861222576157678,-0.4863374216869257,-0.5609748304808925,0.0,1.0,0.0,0.0,1.0,0
0.8273772438659699,-0.7605067102423282,-0.35646868933346404,-0.5609748304808925,0.0,1.0,0.0,0.0,1.0,0
-0.3693648410115938,0.36757102662486957,-0.3866707201133388,-0.5609748304808925,1.0,0.0,0.0,0.0,1.0,1
-1.5661069258891576,0.7435969389139355,0.4771073601910807,0.059159876663617626,1.0,0.0,0.0,0.0,1.0,1
0.8273772438659699,-0.5724937540977952,-0.3573083057891445,0.059159876663617626,1.0,0.0,1.0,0.0,0.0,0
0.8273772438659699,0.2171606617092432,-0.4888542575852486,-0.5609748304808925,0.0,1.0,0.0,0.0,1.0,1
-0.3693648410115938,-0.3092756154954491,-0.04438103794142432,0.6792945838081278,1.0,0.0,0.0,0.0,1.0,1
-1.5661069258891576,0.7435969389139355,1.5841789061771412,0.6792945838081278,1.0,0.0,1.0,0.0,0.0,1
-0.3693648410115938,1.8716746757811333,-0.12491978668775715,-0.5609748304808925,0.0,1.0,0.0,0.0,1.0,0
-1.5661069258891576,0.5179813915404959,0.15948266982273065,-0.5609748304808925,0.0,1.0,1.0,0.0,0.0,0
0.8273772438659699,-0.3092756154954491,-0.47299819142581434,-0.5609748304808925,0.0,1.0,1.0,0.0,0.0,0
-1.5661069258891576,-0.8357118927001413,0.955306180872432,0.6792945838081278,1.0,0.0,0.0,0.0,1.0,1
-0.3693648410115938,1.345238398576441,-0.3464013457401724,-0.5609748304808925,0.0,1.0,0.0,0.0,1.0,0
-1.5661069258891576,2.3229057705280125,0.9462455716384695,0.6792945838081278,0.0,1.0,1.0,0.0,0.0,1
0.8273772438659699,-0.5348911628688886,-0.4863374216869257,-0.5609748304808925,0.0,1.0,0.0,0.0,1.0,0
0.8273772438659699,-0.3092756154954491,-0.4863374216869257,-0.5609748304808925,0.0,1.0,0.0,0.0,1.0,0
0.8273772438659699,0.4427762090826827,-0.5049620073345151,-0.5609748304808925,0.0,1.0,0.0,0.0,1.0,0
-1.5661069258891576,1.7212643108655068,0.9274538680872313,0.059159876663617626,1.0,0.0,1.0,0.0,0.0,1
0.8273772438659699,1.345238398576441,-0.5024451714361923,-0.5609748304808925,0.0,1.0,0.0,0.0,1.0,0
0.8273772438659699,-0.5724937540977952,-0.49237782784290063,0.6792945838081278,1.0,0.0,0.0,1.0,0.0,0
-0.3693648410115938,0.5931865739983091,-0.12491978668775715,0.059159876663617626,0.0,1.0,0.0,0.0,1.0,0
0.8273772438659699,0.5179813915404959,-0.1621689579829361,0.6792945838081278,0.0,1.0,0.0,0.0,1.0,0
-0.3693648410115938,-0.08366006812200955,0.016023023618325298,-0.5609748304808925,1.0,0.0,0.0,0.0,1.0,1
0.8273772438659699,1.4956487634920672,-0.6484216535389205,-0.5609748304808925,0.0,1.0,0.0,0.0,1.0,0
0.8273772438659699,-0.3092756154954491,-0.5029485386158568,-0.5609748304808925,0.0,1.0,1.0,0.0,0.0,0
-1.5661069258891576,1.4956487634920672,0.49782998024351216,0.059159876663617626,0.0,1.0,1.0,0.0,0.0,1
-0.3693648410115938,-0.3844807979532623,-0.10478509950117394,1.299429290952638,1.0,0.0,0.0,0.0,1.0,1
0.8273772438659699,-0.3092756154954491,-0.4894421904510968,-0.5609748304808925,0.0,1.0,0.0,0.0,1.0,0
-1.5661069258891576,0.8188021213717487,0.2052890831722074,-0.5609748304808925,0.0,1.0,0.0,0.0,1.0,0
0.8273772438659699,1.1196228512030013,-0.4863374216869257,-0.5609748304808925,0.0,1.0,0.0,0.0,1.0,0
-1.5661069258891576,0.4427762090826827,-0.11384570873513637,-0.5609748304808925,0.0,1.0,1.0,0.0,0.0,1
0.8273772438659699,0.5179813915404959,-0.3353272677875516,0.059159876663617626,0.0,1.0,0.0,0.0,1.0,0
0.8273772438659699,0.06675029679361683,-0.4894421904510968,-0.5609748304808925,0.0,1.0,0.0,0.0,1.0,0
-1.5661069258891576,-0.15886525057982273,-0.034313694348132716,-0.5609748304808925,0.0,1.0,0.0,0.0,1.0,1
-0.3693648410115938,-0.5348911628688886,0.18876253192945994,1.299429290952638,1.0,0.0,1.0,0.0,0.0,1
-1.5661069258891576,0.8188021213717487,2.441497778832105,-0.5609748304808925,1.0,0.0,0.0,0.0,1.0,1
0.8273772438659699,0.7435969389139355,-0.01870931177853076,3.1598334123861687,1.0,0.0,0.0,0.0,1.0,0
0.8273772438659699,-0.3092756154954491,-0.5064721088735089,-0.5609748304808925,0.0,1.0,0.0,0.0,1.0,0
0.8273772438659699,-0.5724937540977952,-0.3363340021468808,0.059159876663617626,1.0,0.0,0.0,1.0,0.0,1
0.8273772438659699,-0.3092756154954491,-0.49237782784290063,-0.5609748304808925,0.0,1.0,0.0,1.0,0.0,0
0.8273772438659699,0.4427762090826827,-0.4863374216869257,-0.5609748304808925,0.0,1.0,0.0,0.0,1.0,0
-0.3693648410115938,-0.3844807979532623,0.6603330135889879,1.299429290952638,1.0,0.0,0.0,0.0,1.0,1
0.8273772438659699,0.36757102662486957,-0.35848215805212236,0.6792945838081278,0.0,1.0,0.0,0.0,1.0,0
0.8273772438659699,-0.23407043303763592,-0.32425318983493084,0.059159876663617626,1.0,0.0,0.0,0.0,1.0,0
-0.3693648410115938,-1.8885844471095259,0.13683114673782454,1.299429290952638,1.0,0.0,0.0,0.0,1.0,1
-0.3693648410115938,-0.23407043303763592,-0.43700743807979686,-0.5609748304808925,0.0,1.0,0.0,0.0,1.0,0
0.8273772438659699,-0.15886525057982273,-0.3573908580066095,0.059159876663617626,0.0,1.0,1.0,0.0,0.0,0
-1.5661069258891576,0.969212486287375,0.40974072380221066,0.059159876663617626,0.0,1.0,0.0,0.0,1.0,1
0.8273772438659699,-0.685301527784515,-0.33146744825388363,0.6792945838081278,0.0,1.0,1.0,0.0,0.0,1
0.8273772438659699,-0.6100963453267019,-0.4902797934380587,-0.5609748304808925,0.0,1.0,0.0,0.0,1.0,0
0.8273772438659699,-0.6100963453267019,-0.32425318983493084,-0.5609748304808925,0.0,1.0,0.0,0.0,1.0,0
-1.5661069258891576,2.3981109529858253,0.002347544081197954,-0.5609748304808925,0.0,1.0,0.0,0.0,1.0,0
-0.3693648410115938,2.0972902231545727,-0.3997582667846179,-0.5609748304808925,0.0,1.0,0.0,1.0,0.0,0
-1.5661069258891576,-0.6100963453267019,0.921244330558889,-0.5609748304808925,1.0,0.0,0.0,0.0,1.0,1
0.8273772438659699,-0.23407043303763592,-0.4894421904510968,-0.5609748304808925,0.0,1.0,0.0,0.0,1.0,0
0.8273772438659699,-0.3092756154954491,-0.49271407711891657,-0.5609748304808925,0.0,1.0,0.0,1.0,0.0,0
-1.5661069258891576,3.827009419684276,-0.04438103794142432,-0.5609748304808925,0.0,1.0,0.0,0.0,1.0,1
0.8273772438659699,1.6460591284076938,-0.5063875431873253,-0.5609748304808925,0.0,1.0,0.0,0.0,1.0,0
-1.5661069258891576,0.2171606617092432,-0.034313694348132716,-0.5609748304808925,0.0,1.0,1.0,0.0,0.0,1
-1.5661069258891576,0.8188021213717487,-0.6484216535389205,-0.5609748304808925,0.0,1.0,0.0,0.0,1.0,0
0.8273772438659699,-1.51255853482046,-0.08666388103324908,2.5396987052416584,1.0,0.0,0.0,0.0,1.0,0
-0.3693648410115938,-0.08366006812200955,-0.3866707201133388,-0.5609748304808925,1.0,0.0,0.0,0.0,1.0,1
0.8273772438659699,0.2171606617092432,-0.4888542575852486,-0.5609748304808925,0.0,1.0,0.0,0.0,1.0,0
-0.3693648410115938,0.14195547925143,-0.11988611489111134,0.6792945838081278,0.0,1.0,0.0,0.0,1.0,0
0.8273772438659699,0.8940073038295618,0.1506737441786005,2.5396987052416584,1.0,0.0,0.0,0.0,1.0,0
0.8273772438659699,-0.3092756154954491,-0.32425318983493084,0.059159876663617626,0.0,1.0,0.0,0.0,1.0,0
0.8273772438659699,-0.685301527784515,-0.4902797934380587,-0.5609748304808925,0.0,1.0,0.0,0.0,1.0,0
-1.5661069258891576,-0.3844807979532623,0.7469121684912956,-0.5609748304808925,1.0,0.0,1.0,0.0,0.0,1
0.8273772438659699,-2.038994812025152,-0.08666388103324908,2.5396987052416584,1.0,0.0,0.0,0.0,1.0,0
0.8273772438659699,-0.3092756154954491,0.48910360681684706,-0.5609748304808925,0.0,1.0,0.0,0.0,1.0,1
0.8273772438659699,-2.1330012900974187,-0.26066180729354516,1.299429290952638,1.0,0.0,1.0,0.0,0.0,1
-1.5661069258891576,1.4204435810342542,0.8964967865378598,0.059159876663617626,0.0,1.0,1.0,0.0,0.0,1
0.8273772438659699,-0.7605067102423282,-0.4894421904510968,-0.5609748304808925,0.0,1.0,0.0,0.0,1.0,0
-1.5661069258891576,2.0220850406967594,0.06635974158478332,-0.5609748304808925,0.0,1.0,1.0,0.0,0.0,1
0.8273772438659699,-0.3092756154954491,-0.49640476528021726,-0.5609748304808925,0.0,1.0,0.0,0.0,1.0,0
0.8273772438659699,-0.45968598041107545,-0.49640476528021726,-0.5609748304808925,1.0,0.0,0.0,0.0,1.0,1
0.8273772438659699,-0.3092756154954491,-0.4894421904510968,-0.5609748304808925,0.0,1.0,0.0,0.0,1.0,0
-0.3693648410115938,-0.8357118927001413,-0.18532384824750675,0.059159876663617626,1.0,0.0,0.0,0.0,1.0,1
0.8273772438659699,-0.6100963453267019,-0.47861979608830835,-0.5609748304808925,0.0,1.0,0.0,0.0,1.0,0
0.8273772438659699,-0.5724937540977952,-0.49078316061772326,-0.5609748304808925,1.0,0.0,0.0,1.0,0.0,1
0.8273772438659699,-0.8357118927001413,-0.5125125150294839,-0.5609748304808925,1.0,0.0,0.0,1.0,0.0,0
-0.3693648410115938,-0.3844807979532623,0.8314778546749452,0.6792945838081278,0.0,1.0,0.0,0.0,1.0,0
0.8273772438659699,-0.3092756154954491,-0.4894421904510968,-0.5609748304808925,0.0,1.0,0.0,0.0,1.0,0
0.8273772438659699,0.2171606617092432,-0.3363340021468808,0.6792945838081278,1.0,0.0,0.0,1.0,0.0,0
-0.3693648410115938,-0.45968598041107545,-0.3866707201133388,-0.5609748304808925,0.0,1.0,0.0,0.0,1.0,0
-1.5661069258891576,2.172495405612386,1.6323350375212924,0.6792945838081278,0.0,1.0,1.0,0.0,0.0,0
-1.5661069258891576,1.5708539459498805,2.042579288947925,0.6792945838081278,0.0,1.0,0.0,0.0,1.0,1
0.8273772438659699,0.8188021213717487,-0.5029485386158568,-0.5609748304808925,0.0,1.0,1.0,0.0,0.0,0
-1.5661069258891576,1.345238398576441,-0.13322534515222276,-0.5609748304808925,0.0,1.0,0.0,0.0,1.0,0
0.8273772438659699,0.5179813915404959,-0.4974960653257301,-0.5609748304808925,0.0,1.0,0.0,0.0,1.0,0
0.8273772438659699,-0.685301527784515,-0.4888542575852486,0.059159876663617626,0.0,1.0,0.0,0.0,1.0,1
-0.3693648410115938,0.2171606617092432,0.8314778546749452,0.6792945838081278,0.0,1.0,0.0,0.0,1.0,0
-0.3693648410115938,-0.3092756154954491,-0.3866707201133388,-0.5609748304808925,0.0,1.0,0.0,0.0,1.0,0
0.8273772438659699,-0.3092756154954491,-0.4918744606632361,-0.5609748304808925,0.0,1.0,0.0,0.0,1.0,0
0.8273772438659699,1.0444176687451883,-0.4863374216869257,-0.5609748304808925,0.0,1.0,0.0,0.0,1.0,0
-1.5661069258891576,0.4427762090826827,0.39858208016340624,0.059159876663617626,1.0,0.0,0.0,0.0,1.0,1
-0.3693648410115938,0.8188021213717487,0.13683114673782454,0.6792945838081278,1.0,0.0,0.0,0.0,1.0,1
-1.5661069258891576,0.14195547925143,0.39858208016340624,0.059159876663617626,0.0,1.0,0.0,0.0,1.0,0
-0.3693648410115938,3.0749575951061443,-0.43700743807979686,-0.5609748304808925,0.0,1.0,0.0,0.0,1.0,0
-0.3693648410115938,0.14195547925143,-0.3866707201133388,-0.5609748304808925,0.0,1.0,0.0,0.0,1.0,1
-0.3693648410115938,0.06675029679361683,-0.6484216535389205,-0.5609748304808925,0.0,1.0,0.0,0.0,1.0,0
0.8273772438659699,-0.8357118927001413,-0.4918744606632361,-0.5609748304808925,0.0,1.0,0.0,0.0,1.0,0
0.8273772438659699,-0.3468782067243557,-0.4863374216869257,-0.5609748304808925,0.0,1.0,0.0,0.0,1.0,0
0.8273772438659699,-0.8357118927001413,-0.45026210265472455,-0.5609748304808925,1.0,0.0,0.0,0.0,1.0,1
0.8273772438659699,1.0444176687451883,0.2958951755118318,3.779968119530679,1.0,0.0,0.0,0.0,1.0,0
-1.5661069258891576,0.5179813915404959,9.667166525013505,0.059159876663617626,0.0,1.0,1.0,0.0,0.0,1
0.8273772438659699,-0.5724937540977952,-0.48457563655809965,-0.5609748304808925,1.0,0.0,0.0,1.0,0.0,0
-1.5661069258891576,-0.15886525057982273,0.8964967865378598,-0.5609748304808925,0.0,1.0,1.0,0.0,0.0,1
0.8273772438659699,-0.685301527784515,-0.4626791642426904,-0.5609748304808925,0.0,1.0,0.0,0.0,1.0,0
0.8273772438659699,-1.136532622531394,0.2958951755118318,3.779968119530679,0.0,1.0,0.0,0.0,1.0,0
-0.3693648410115938,2.3229057705280125,0.13683114673782454,0.6792945838081278,0.0,1.0,0.0,0.0,1.0,0
-0.3693648410115938,-0.3092756154954491,0.18876253192945994,1.299429290952638,0.0,1.0,1.0,0.0,0.0,0
0.8273772438659699,-1.136532622531394,0.1506737441786005,2.5396987052416584,0.0,1.0,0.0,0.0,1.0,0
0.8273772438659699,-0.7605067102423282,-0.44363577710162005,-0.5609748304808925,0.0,1.0,0.0,0.0,1.0,0
0.8273772438659699,-0.8357118927001413,-0.49145565916975514,-0.5609748304808925,0.0,1.0,0.0,0.0,1.0,0
-1.5661069258891576,-1.061327440073581,3.6067927997556075,0.059159876663617626,1.0,0.0,0.0,0.0,1.0,1
-1.5661069258891576,0.14195547925143,0.49925551609632224,0.059159876663617626,0.0,1.0,0.0,0.0,1.0,1
0.8273772438659699,-1.8885844471095259,-0.37828059596268965,0.059159876663617626,1.0,0.0,1.0,0.0,0.0,1
0.8273772438659699,-0.3092756154954491,0.48910360681684706,-0.5609748304808925,0.0,1.0,0.0,0.0,1.0,1
0.8273772438659699,-0.3092756154954491,-0.5029485386158568,-0.5609748304808925,0.0,1.0,1.0,0.0,0.0,0
-1.5661069258891576,2.3229057705280125,-0.11384570873513637,-0.5609748304808925,0.0,1.0,0.0,0.0,1.0,0
-0.3693648410115938,1.7212643108655068,-0.3766033765200472,-0.5609748304808925,0.0,1.0,0.0,0.0,1.0,0
0.8273772438659699,1.1196228512030013,-0.4863374216869257,-0.5609748304808925,0.0,1.0,0.0,0.0,1.0,0
0.8273772438659699,-0.5724937540977952,-0.49271407711891657,-0.5609748304808925,1.0,0.0,0.0,1.0,0.0,1
-1.5661069258891576,1.4956487634920672,1.5841789061771412,0.6792945838081278,0.0,1.0,1.0,0.0,0.0,0
0.8273772438659699,0.969212486287375,-0.494391296561559,-0.5609748304808925,0.0,1.0,0.0,0.0,1.0,0
-1.5661069258891576,-0.8357118927001413,3.9327230485884233,0.059159876663617626,1.0,0.0,1.0,0.0,0.0,1
-1.5661069258891576,0.4427762090826827,-0.11913106412161445,-0.5609748304808925,0.0,1.0,0.0,0.0,1.0,1
0.8273772438659699,-0.8357118927001413,-0.3573908580066095,0.059159876663617626,1.0,0.0,1.0,0.0,0.0,0
0.8273772438659699,-0.3092756154954491,-0.4925449457465493,-0.5609748304808925,0.0,1.0,0.0,1.0,0.0,0
0.8273772438659699,-0.23407043303763592,-0.4902797934380587,0.059159876663617626,0.0,1.0,0.0,0.0,1.0,0
-0.3693648410115938,0.7435969389139355,-0.12491978668775715,-0.5609748304808925,0.0,1.0,0.0,0.0,1.0,0
-0.3693648410115938,1.1948280336608146,-0.3766033765200472,-0.5609748304808925,1.0,0.0,0.0,0.0,1.0,1
-1.5661069258891576,0.969212486287375,-0.11913106412161445,-0.5609748304808925,0.0,1.0,0.0,0.0,1.0,1
-1.5661069258891576,-0.5348911628688886,2.4029901895877646,-0.5609748304808925,1.0,0.0,0.0,0.0,1.0,1
0.8273772438659699,-0.3092756154954491,-0.3414522396297103,0.6792945838081278,0.0,1.0,1.0,0.0,0.0,1
-1.5661069258891576,-0.3844807979532623,0.3483299278831318,-0.5609748304808925,1.0,0.0,1.0,0.0,0.0,1
-1.5661069258891576,0.8188021213717487,-0.11384570873513637,-0.5609748304808925,0.0,1.0,0.0,0.0,1.0,0
-1.5661069258891576,1.4204435810342542,0.39858208016340624,0.059159876663617626,0.0,1.0,0.0,0.0,1.0,1
0.8273772438659699,-0.008454885664196365,-0.457478374542396,-0.5609748304808925,0.0,1.0,0.0,0.0,1.0,0
-0.3693648410115938,1.7212643108655068,-0.3866707201133388,-0.5609748304808925,0.0,1.0,0.0,0.0,1.0,0
0.8273772438659699,-0.7605067102423282,-0.494391296561559,-0.5609748304808925,0.0,1.0,0.0,0.0,1.0,0
-1.5661069258891576,0.6683917564561223,3.9327230485884233,-0.5609748304808925,1.0,0.0,1.0,0.0,0.0,1
-0.3693648410115938,-0.15886525057982273,-0.43700743807979686,-0.5609748304808925,1.0,0.0,0.0,0.0,1.0,1
0.8273772438659699,-0.3092756154954491,-0.3363340021468808,-0.5609748304808925,0.0,1.0,0.0,1.0,0.0,0
0.8273772438659699,0.29236584416705635,-0.4918744606632361,-0.5609748304808925,0.0,1.0,0.0,0.0,1.0,0
-0.3693648410115938,-1.7381740821938996,0.016023023618325298,0.059159876663617626,1.0,0.0,0.0,0.0,1.0,1
0.8273772438659699,-0.9109170751579546,-0.5063875431873253,0.059159876663617626,0.0,1.0,0.0,0.0,1.0,0
-0.3693648410115938,0.36757102662486957,-0.3866707201133388,-0.5609748304808925,0.0,1.0,0.0,0.0,1.0,0
-0.3693648410115938,1.5708539459498805,-0.3866707201133388,-0.5609748304808925,0.0,1.0,0.0,0.0,1.0,0
-1.5661069258891576,-0.15886525057982273,0.4207302360686478,0.059159876663617626,0.0,1.0,0.0,0.0,1.0,1
0.8273772438659699,-0.685301527784515,-0.47400492578514347,-0.5609748304808925,0.0,1.0,0.0,0.0,1.0,0
-0.3693648410115938,0.06675029679361683,-0.22559322262067316,1.299429290952638,1.0,0.0,0.0,0.0,1.0,1
0.8273772438659699,-0.5724937540977952,-0.4926295114327329,-0.5609748304808925,1.0,0.0,0.0,1.0,0.0,1
-0.3693648410115938,-0.3092756154954491,-0.12491978668775715,0.059159876663617626,0.0,1.0,0.0,0.0,1.0,0
0.8273772438659699,-0.3092756154954491,-0.4888542575852486,0.059159876663617626,1.0,0.0,0.0,0.0,1.0,0
-1.5661069258891576,-0.008454885664196365,3.6067927997556075,-0.5609748304808925,1.0,0.0,0.0,0.0,1.0,1
0.8273772438659699,-1.3621481699048337,-0.2701412180209885,-0.5609748304808925,0.0,1.0,1.0,0.0,0.0,0
-0.3693648410115938,0.06675029679361683,-0.6484216535389205,-0.5609748304808925,0.0,1.0,0.0,0.0,1.0,0
-0.3693648410115938,-0.45968598041107545,-0.3866707201133388,-0.5609748304808925,0.0,1.0,0.0,0.0,1.0,0
-0.3693648410115938,-0.45968598041107545,-0.3866707201133388,-0.5609748304808925,0.0,1.0,0.0,0.0,1.0,0
0.8273772438659699,-0.04605747689310296,-0.32425318983493084,-0.5609748304808925,0.0,1.0,0.0,0.0,1.0,0
0.8273772438659699,1.4204435810342542,0.04370821849987721,1.9195639980971482,1.0,0.0,0.0,0.0,1.0,0
-1.5661069258891576,0.4427762090826827,9.667166525013505,-0.5609748304808925,0.0,1.0,1.0,0.0,0.0,1
0.8273772438659699,-0.3092756154954491,-0.4894421904510968,-0.5609748304808925,0.0,1.0,0.0,0.0,1.0,0
0.8273772438659699,-0.3092756154954491,-0.4894421904510968,-0.5609748304808925,0.0,1.0,0.0,0.0,1.0,0
-1.5661069258891576,0.8188021213717487,-0.04438103794142432,-0.5609748304808925,0.0,1.0,0.0,0.0,1.0,1
-1.5661069258891576,0.5179813915404959,0.9391984311231651,0.059159876663617626,0.0,1.0,0.0,0.0,1.0,0
-1.5661069258891576,-0.6100963453267019,4.634416897040849,1.9195639980971482,1.0,0.0,1.0,0.0,0.0,1
0.8273772438659699,-0.3844807979532623,-0.32425318983493084,0.059159876663617626,0.0,1.0,0.0,0.0,1.0,0
0.8273772438659699,0.14195547925143,-0.4888542575852486,-0.5609748304808925,0.0,1.0,0.0,0.0,1.0,1
-1.5661069258891576,3.0749575951061443,0.7811411367084872,0.6792945838081278,0.0,1.0,0.0,0.0,1.0,0
0.8273772438659699,-0.9861222576157678,-0.24069423801061057,0.6792945838081278,0.0,1.0,0.0,0.0,1.0,0
-0.3693648410115938,0.06675029679361683,-0.3866707201133388,-0.5609748304808925,1.0,0.0,0.0,0.0,1.0,1
-1.5661069258891576,-0.7605067102423282,0.4207302360686478,0.059159876663617626,0.0,1.0,0.0,0.0,1.0,0
0.8273772438659699,0.14195547925143,-0.49237782784290063,-0.5609748304808925,0.0,1.0,0.0,1.0,0.0,0
-0.3693648410115938,-1.8885844471095259,-0.18532384824750675,0.6792945838081278,1.0,0.0,0.0,0.0,1.0,1
0.8273772438659699,-1.7381740821938996,-0.397241430886295,0.059159876663617626,0.0,1.0,0.0,0.0,1.0,1
0.8273772438659699,0.29236584416705635,-0.45714212526638004,-0.5609748304808925,0.0,1.0,0.0,0.0,1.0,0
0.8273772438659699,-0.45968598041107545,-0.4894421904510968,-0.5609748304808925,0.0,1.0,0.0,0.0,1.0,0
-0.3693648410115938,1.4204435810342542,0.6603330135889879,1.299429290952638,1.0,0.0,0.0,0.0,1.0,1
-0.3693648410115938,-2.139017704694044,-0.35646868933346404,0.6792945838081278,0.0,1.0,0.0,0.0,1.0,1
0.8273772438659699,-0.08366006812200955,-0.49145565916975514,-0.5609748304808925,0.0,1.0,0.0,0.0,1.0,0
-0.3693648410115938,-0.8357118927001413,-0.41687275089321363,-0.5609748304808925,0.0,1.0,0.0,0.0,1.0,0
0.8273772438659699,0.36757102662486957,-0.4863374216869257,-0.5609748304808925,0.0,1.0,0.0,0.0,1.0,0
-1.5661069258891576,0.29236584416705635,1.093228788100527,-0.5609748304808925,1.0,0.0,0.0,0.0,1.0,1
0.8273772438659699,-0.3092756154954491,-0.35646868933346404,-0.5609748304808925,0.0,1.0,0.0,0.0,1.0,0
0.8273772438659699,0.8940073038295618,-0.5049620073345151,-0.5609748304808925,0.0,1.0,0.0,0.0,1.0,0
0.8273772438659699,-0.685301527784515,-0.5028639729296732,-0.5609748304808925,0.0,1.0,1.0,0.0,0.0,1
-1.5661069258891576,0.5179813915404959,1.7677408088510642,1.299429290952638,1.0,0.0,0.0,0.0,1.0,1
0.8273772438659699,-0.9861222576157678,-0.4918744606632361,-0.5609748304808925,0.0,1.0,0.0,0.0,1.0,0
-1.5661069258891576,1.6460591284076938,0.921244330558889,0.059159876663617626,1.0,0.0,0.0,0.0,1.0,1
-1.5661069258891576,0.8188021213717487,0.1489119590497745,-0.5609748304808925,0.0,1.0,1.0,0.0,0.0,0
0.8273772438659699,0.1043528880225234,-0.49237782784290063,-0.5609748304808925,1.0,0.0,0.0,1.0,0.0,0
0.8273772438659699,-0.3092756154954491,-0.1621689579829361,0.059159876663617626,0.0,1.0,0.0,1.0,0.0,0
0.8273772438659699,0.2171606617092432,-0.4800453319411184,-0.5609748304808925,0.0,1.0,0.0,0.0,1.0,0
0.8273772438659699,-0.3844807979532623,-0.45714212526638004,-0.5609748304808925,0.0,1.0,0.0,0.0,1.0,0
0.8273772438659699,1.4204435810342542,-0.4902797934380587,-0.5609748304808925,0.0,1.0,0.0,0.0,1.0,0
-0.3693648410115938,2.0972902231545727,-0.43700743807979686,-0.5609748304808925,1.0,0.0,0.0,0.0,1.0,0
0.8273772438659699,-0.3092756154954491,-0.5029485386158568,-0.5609748304808925,0.0,1.0,1.0,0.0,0.0,0
-0.3693648410115938,1.8716746757811333,-0.18532384824750675,1.9195639980971482,1.0,0.0,0.0,0.0,1.0,1
0.8273772438659699,-0.8357118927001413,-0.49237782784290063,-0.5609748304808925,0.0,1.0,0.0,0.0,1.0,0
0.8273772438659699,-0.3092756154954491,-0.49237782784290063,-0.5609748304808925,0.0,1.0,0.0,1.0,0.0,0
0.8273772438659699,-1.8133792646517128,-0.397241430886295,-0.5609748304808925,1.0,0.0,0.0,0.0,1.0,1
0.8273772438659699,-0.3092756154954491,-0.4926295114327329,-0.5609748304808925,0.0,1.0,0.0,1.0,0.0,0
-1.5661069258891576,1.0444176687451883,3.6067927997556075,0.059159876663617626,1.0,0.0,0.0,0.0,1.0,1
0.8273772438659699,-1.2117378049892074,-0.5028639729296732,-0.5609748304808925,1.0,0.0,1.0,0.0,0.0,1
-1.5661069258891576,-0.9109170751579546,0.49925551609632224,0.059159876663617626,1.0,0.0,0.0,0.0,1.0,1
-1.5661069258891576,-0.008454885664196365,-0.04438103794142432,-0.5609748304808925,0.0,1.0,0.0,0.0,1.0,0
0.8273772438659699,-0.3092756154954491,-0.17626323901354432,1.299429290952638,0.0,1.0,0.0,0.0,1.0,0
0.8273772438659699,-0.3092756154954491,-0.5064721088735089,-0.5609748304808925,0.0,1.0,0.0,0.0,1.0,0
0.8273772438659699,-0.3092756154954491,-0.5024451714361923,-0.5609748304808925,0.0,1.0,0.0,0.0,1.0,0
0.8273772438659699,-0.8357118927001413,-0.4974960653257301,-0.5609748304808925,1.0,0.0,0.0,0.0,1.0,1
0.8273772438659699,-1.5877637172782733,-0.06199888922968463,2.5396987052416584,0.0,1.0,0.0,1.0,0.0,0
0.8273772438659699,-2.1141999944829655,-0.23415046467497105,1.299429290952638,0.0,1.0,0.0,0.0,1.0,1
-1.5661069258891576,1.2700332161186279,0.9462455716384695,-0.5609748304808925,0.0,1.0,1.0,0.0,0.0,0
0.8273772438659699,-0.3092756154954491,-0.49237782784290063,-0.5609748304808925,0.0,1.0,0.0,1.0,0.0,0
-0.3693648410115938,-0.9861222576157678,-0.12491978668775715,-0.5609748304808925,0.0,1.0,0.0,0.0,1.0,0
0.8273772438659699,-0.5724937540977952,0.7519458402879414,5.64037224096421,1.0,0.0,0.0,0.0,1.0,0
-1.5661069258891576,0.8188021213717487,-0.030371322596999754,-0.5609748304808925,0.0,1.0,1.0,0.0,0.0,0
0.8273772438659699,-0.3092756154954491,-0.4894421904510968,-0.5609748304808925,0.0,1.0,0.0,0.0,1.0,0
-0.3693648410115938,0.7435969389139355,-0.3866707201133388,-0.5609748304808925,0.0,1.0,0.0,0.0,1.0,0
-1.5661069258891576,1.4956487634920672,-0.1263453225405672,-0.5609748304808925,1.0,0.0,0.0,0.0,1.0,1
0.8273772438659699,0.14195547925143,-0.4735861242916626,-0.5609748304808925,1.0,0.0,0.0,0.0,1.0,1
0.8273772438659699,0.06675029679361683,-0.5028639729296732,-0.5609748304808925,0.0,1.0,1.0,0.0,0.0,0
0.8273772438659699,0.06675029679361683,-0.1621689579829361,0.6792945838081278,1.0,0.0,0.0,0.0,1.0,0
-0.3693648410115938,0.36757102662486957,-0.3866707201133388,-0.5609748304808925,0.0,1.0,0.0,0.0,1.0,0
-0.3693648410115938,0.14195547925143,-0.11988611489111134,0.6792945838081278,1.0,0.0,0.0,0.0,1.0,1
-1.5661069258891576,-1.3621481699048337,1.7677408088510642,1.299429290952638,0.0,1.0,0.0,0.0,1.0,1
0.8273772438659699,-2.157819000308497,-0.47694056317694733,0.059159876663617626,0.0,1.0,1.0,0.0,0.0,1
0.8273772438659699,-0.15886525057982273,-0.5079822104125026,-0.5609748304808925,0.0,1.0,0.0,0.0,1.0,1
0.8273772438659699,0.14195547925143,-0.4918744606632361,-0.5609748304808925,0.0,1.0,0.0,0.0,1.0,0
-1.5661069258891576,0.7435969389139355,-0.6484216535389205,-0.5609748304808925,0.0,1.0,0.0,0.0,1.0,0
0.8273772438659699,-0.8357118927001413,-0.4918744606632361,-0.5609748304808925,1.0,0.0,0.0,0.0,1.0,0
-0.3693648410115938,0.7435969389139355,-0.3866707201133388,-0.5609748304808925,0.0,1.0,0.0,0.0,1.0,0
-1.5661069258891576,0.29236584416705635,0.4207302360686478,0.059159876663617626,1.0,0.0,0.0,0.0,1.0,1
0.8273772438659699,-0.23407043303763592,-0.4896093083547455,-0.5609748304808925,0.0,1.0,0.0,0.0,1.0,0
0.8273772438659699,0.7435969389139355,-0.1621689579829361,-0.5609748304808925,0.0,1.0,0.0,0.0,1.0,0
-0.3693648410115938,0.4427762090826827,-0.43700743807979686,-0.5609748304808925,0.0,1.0,0.0,0.0,1.0,0
0.8273772438659699,-1.7381740821938996,-0.01870931177853076,3.1598334123861687,1.0,0.0,0.0,0.0,1.0,0
0.8273772438659699,0.1043528880225234,-0.4863374216869257,-0.5609748304808925,0.0,1.0,0.0,0.0,1.0,0
-1.5661069258891576,0.8188021213717487,-0.6484216535389205,-0.5609748304808925,0.0,1.0,0.0,0.0,1.0,0
0.8273772438659699,-0.45968598041107545,-0.4888542575852486,-0.5609748304808925,1.0,0.0,0.0,0.0,1.0,0
-0.3693648410115938,0.14195547925143,0.09664633805084172,0.6792945838081278,0.0,1.0,1.0,0.0,0.0,0
0.8273772438659699,1.0444176687451883,-0.5185529211854588,-0.5609748304808925,0.0,1.0,0.0,0.0,1.0,0
0.8273772438659699,-1.437353352362647,-0.08666388103324908,2.5396987052416584,0.0,1.0,0.0,0.0,1.0,0
-1.5661069258891576,1.7212643108655068,1.2341715984066093,0.6792945838081278,1.0,0.0,0.0,0.0,1.0,1
0.8273772438659699,-0.15886525057982273,-0.47400492578514347,-0.5609748304808925,0.0,1.0,0.0,0.0,1.0,1
-1.5661069258891576,0.6683917564561223,-0.6484216535389205,-0.5609748304808925,0.0,1.0,0.0,0.0,1.0,0
0.8273772438659699,-0.15886525057982273,-0.397241430886295,0.059159876663617626,1.0,0.0,0.0,0.0,1.0,1
0.8273772438659699,-2.038994812025152,0.1506737441786005,2.5396987052416584,0.0,1.0,0.0,0.0,1.0,0
0.8273772438659699,-0.3092756154954491,-0.5084855775921673,-0.5609748304808925,0.0,1.0,0.0,1.0,0.0,0
0.8273772438659699,-0.3092756154954491,0.48910360681684706,-0.5609748304808925,0.0,1.0,0.0,0.0,1.0,0
-0.3693648410115938,-2.1141999944829655,0.09664633805084172,0.6792945838081278,0.0,1.0,1.0,0.0,0.0,1
0.8273772438659699,-0.3092756154954491,-0.49237782784290063,-0.5609748304808925,0.0,1.0,0.0,1.0,0.0,1
-1.5661069258891576,2.4733161354436386,0.962353321387736,-0.5609748304808925,1.0,0.0,0.0,0.0,1.0,1
0.8273772438659699,-1.061327440073581,-0.3573908580066095,0.059159876663617626,1.0,0.0,1.0,0.0,0.0,1
-0.3693648410115938,-2.126984875500794,-0.2708962687904854,0.6792945838081278,0.0,1.0,0.0,0.0,1.0,1
0.8273772438659699,-0.3092756154954491,-0.5028639729296732,-0.5609748304808925,0.0,1.0,1.0,0.0,0.0,0
0.8273772438659699,-0.45968598041107545,-0.4902797934380587,-0.5609748304808925,0.0,1.0,0.0,0.0,1.0,0
0.8273772438659699,-0.8357118927001413,-0.48130374989027985,-0.5609748304808925,0.0,1.0,0.0,0.0,1.0,0
-1.5661069258891576,0.7435969389139355,1.0259447039291216,0.6792945838081278,1.0,0.0,1.0,0.0,0.0,1
0.8273772438659699,-0.6100963453267019,-0.47400492578514347,-0.5609748304808925,0.0,1.0,0.0,0.0,1.0,0
0.8273772438659699,-0.3092756154954491,-0.4863374216869257,-0.5609748304808925,0.0,1.0,0.0,0.0,1.0,0
0.8273772438659699,0.2171606617092432,0.48910360681684706,-0.5609748304808925,0.0,1.0,0.0,0.0,1.0,1
-1.5661069258891576,0.8188021213717487,-0.05042144409739929,-0.5609748304808925,0.0,1.0,1.0,0.0,0.0,1
0.8273772438659699,-0.685301527784515,-0.4888542575852486,-0.5609748304808925,0.0,1.0,0.0,0.0,1.0,0
-0.3693648410115938,-0.9861222576157678,-0.43700743807979686,-0.5609748304808925,0.0,1.0,0.0,0.0,1.0,0
-1.5661069258891576,0.06675029679361683,-0.024246350754841113,-0.5609748304808925,1.0,0.0,1.0,0.0,0.0,1
0.8273772438659699,0.40517361785377615,-0.5188046047752911,-0.5609748304808925,0.0,1.0,1.0,0.0,0.0,0
0.8273772438659699,-0.9109170751579546,-0.47400492578514347,-0.5609748304808925,0.0,1.0,0.0,0.0,1.0,0
0.8273772438659699,0.969212486287375,-0.49640476528021726,-0.5609748304808925,0.0,1.0,0.0,0.0,1.0,0
0.8273772438659699,-0.3092756154954491,0.7519458402879414,5.64037224096421,0.0,1.0,0.0,0.0,1.0,0
0.8273772438659699,0.4427762090826827,-0.4894421904510968,-0.5609748304808925,0.0,1.0,1.0,0.0,0.0,0
-0.3693648410115938,-0.08366006812200955,0.016023023618325298,0.059159876663617626,0.0,1.0,0.0,0.0,1.0,0
-1.5661069258891576,0.4427762090826827,1.145663540471827,0.059159876663617626,1.0,0.0,1.0,0.0,0.0,1
0.8273772438659699,-1.8885844471095259,-0.01870931177853076,3.1598334123861687,0.0,1.0,0.0,0.0,1.0,0
0.8273772438659699,3.375778324937397,-0.4918744606632361,-0.5609748304808925,0.0,1.0,0.0,0.0,1.0,0
0.8273772438659699,-1.51255853482046,-0.3414522396297103,0.6792945838081278,1.0,0.0,1.0,0.0,0.0,0
-1.5661069258891576,-0.9861222576157678,0.14488502161245778,0.059159876663617626,1.0,0.0,0.0,0.0,1.0,1
-0.3693648410115938,1.1196228512030013,-0.12491978668775715,0.059159876663617626,1.0,0.0,0.0,0.0,1.0,0
0.8273772438659699,-0.8357118927001413,-0.4601623283443675,0.059159876663617626,1.0,0.0,0.0,0.0,1.0,1
-1.5661069258891576,1.1948280336608146,2.671117778445337,0.6792945838081278,1.0,0.0,0.0,0.0,1.0,1
-1.5661069258891576,1.6460591284076938,-0.11384570873513637,-0.5609748304808925,0.0,1.0,0.0,0.0,1.0,1
0.8273772438659699,-0.3844807979532623,-0.26066180729354516,1.299429290952638,1.0,0.0,1.0,0.0,0.0,1
0.8273772438659699,-0.3092756154954491,-0.5028639729296732,-0.5609748304808925,0.0,1.0,1.0,0.0,0.0,0
0.8273772438659699,0.8940073038295618,-0.36435544630444866,0.6792945838081278,0.0,1.0,0.0,0.0,1.0,0
-0.3693648410115938,-0.6100963453267019,-0.41687275089321363,0.059159876663617626,0.0,1.0,0.0,0.0,1.0,0
-1.5661069258891576,1.4204435810342542,-0.1263453225405672,-0.5609748304808925,1.0,0.0,0.0,0.0,1.0,1
0.8273772438659699,-0.5724937540977952,0.7519458402879414,5.64037224096421,1.0,0.0,0.0,0.0,1.0,0
-0.3693648410115938,-0.3844807979532623,-0.3866707201133388,-0.5609748304808925,0.0,1.0,0.0,0.0,1.0,0
-0.3693648410115938,0.969212486287375,-0.3866707201133388,-0.5609748304808925,1.0,0.0,0.0,0.0,1.0,1
-0.3693648410115938,-0.15886525057982273,-0.3693891181010945,0.059159876663617626,1.0,0.0,1.0,0.0,0.0,1
-1.5661069258891576,0.14195547925143,0.3682954836973478,-0.5609748304808925,0.0,1.0,0.0,0.0,1.0,0
0.8273772438659699,-0.3092756154954491,-0.45714212526638004,-0.5609748304808925,0.0,1.0,0.0,0.0,1.0,0
0.8273772438659699,-1.8885844471095259,-0.4242561406845337,0.6792945838081278,0.0,1.0,0.0,0.0,1.0,1
0.8273772438659699,-0.23407043303763592,-0.4894421904510968,-0.5609748304808925,0.0,1.0,0.0,0.0,1.0,0
-1.5661069258891576,1.345238398576441,0.40974072380221066,0.6792945838081278,1.0,0.0,0.0,0.0,1.0,1
-1.5661069258891576,0.29236584416705635,-0.5477482176060045,-0.5609748304808925,0.0,1.0,0.0,0.0,1.0,0
0.8273772438659699,1.345238398576441,-0.46720946885967163,-0.5609748304808925,0.0,1.0,0.0,0.0,1.0,0
-0.3693648410115938,-0.08366006812200955,-0.16518916106092355,0.059159876663617626,1.0,0.0,1.0,0.0,0.0,1
0.8273772438659699,-1.061327440073581,-0.5029485386158568,-0.5609748304808925,1.0,0.0,1.0,0.0,0.0,1
0.8273772438659699,-0.685301527784515,-0.45017955043725955,-0.5609748304808925,0.0,1.0,0.0,0.0,1.0,0
0.8273772438659699,-0.7605067102423282,-0.4894421904510968,-0.5609748304808925,0.0,1.0,0.0,0.0,1.0,0
0.8273772438659699,-0.3092756154954491,-0.4894421904510968,-0.5609748304808925,0.0,1.0,0.0,0.0,1.0,0
-1.5661069258891576,2.0220850406967594,1.0259447039291216,0.059159876663617626,1.0,0.0,1.0,0.0,0.0,1
-0.3693648410115938,-0.3092756154954491,-0.12491978668775715,0.059159876663617626,1.0,0.0,0.0,0.0,1.0,1
0.8273772438659699,0.29236584416705635,-0.4894421904510968,-0.5609748304808925,0.0,1.0,0.0,0.0,1.0,0
0.8273772438659699,-0.5348911628688886,-0.4366711888037809,-0.5609748304808925,1.0,0.0,0.0,0.0,1.0,0
-0.3693648410115938,-0.08366006812200955,-0.43700743807979686,-0.5609748304808925,0.0,1.0,0.0,0.0,1.0,0
0.8273772438659699,-0.3092756154954491,-0.5064721088735089,-0.5609748304808925,0.0,1.0,0.0,0.0,1.0,0
0.8273772438659699,0.7435969389139355,-0.06199888922968463,2.5396987052416584,1.0,0.0,0.0,1.0,0.0,0
-0.3693648410115938,-0.15886525057982273,-0.3866707201133388,-0.5609748304808925,0.0,1.0,0.0,0.0,1.0,0
-1.5661069258891576,-0.7605067102423282,-0.04438103794142432,-0.5609748304808925,1.0,0.0,0.0,0.0,1.0,1
0.8273772438659699,-0.5724937540977952,-0.17626323901354432,1.299429290952638,1.0,0.0,0.0,0.0,1.0,0
-1.5661069258891576,-0.23407043303763592,-0.04438103794142432,-0.5609748304808925,0.0,1.0,1.0,0.0,0.0,1
0.8273772438659699,0.2171606617092432,-0.49237782784290063,-0.5609748304808925,0.0,1.0,0.0,1.0,0.0,0
